timestamp_utc,epoch_ts,event_type,order_id,position_id,track_id,side,qty_lots,trigger_price,fill_price,exit_price,slippage_cents,initial_sl,active_sl,tp_price,market_spread_cents,tick_vel_at_event,trade_duration_sec,ticks_during_trade,gross_pnl,broker_fee,net_pnl,balance,loss_floor_buffer,reason
2026-09-08 08:40:33.302,1788856833.302,ORDER_FILLED,360287970300000006,360287970300000008,B,SELL,0.03,4394.52,4394.52,0.00,+0.0,4394.64,4394.64,4391.19,8.0,0.0,0.00,0,0.00,0.00,0.00,4775.66,75.66,INITIAL_FILL
2026-09-08 08:40:37.725,1788856837.725,ORDER_FILLED,360287970300000014,360287970300000020,C,BUY,0.03,4394.60,4394.60,0.00,+0.0,4394.48,4394.48,4397.93,8.0,0.0,0.00,0,0.00,0.00,0.00,4775.66,75.66,INITIAL_FILL
2026-09-08 08:40:37.726,1788856837.726,ORDER_FILLED,360287970300000026,360287970300000031,C,SELL,0.03,4394.52,4394.52,0.00,+0.0,4394.64,4394.64,4391.19,8.0,0.0,0.00,0,0.00,0.00,0.00,4775.66,75.66,INITIAL_FILL
2026-09-08 08:40:56.792,1788856856.792,POSITION_CLOSED_STOP_LOSS,360287970300000039,360287970300000020,C,BUY,0.03,4394.78,4394.78,4394.66,+0.0,4394.66,4394.66,4398.11,0.0,0.0,19.10,0,-0.36,0.21,-0.57,4775.09,75.09,STOP_LOSS
2026-09-08 08:40:58.134,1788856858.135,POSITION_CLOSED_STOP_LOSS,360287970300000046,360287970300000008,B,SELL,0.03,4394.64,4394.64,4394.76,+0.0,4394.76,4394.76,4391.31,0.0,0.0,24.80,0,-0.36,0.21,-0.57,4774.52,74.52,STOP_LOSS
2026-09-08 08:40:58.137,1788856858.138,POSITION_CLOSED_STOP_LOSS,360287970300000052,360287970300000031,C,SELL,0.03,4394.80,4394.80,4394.92,+0.0,4394.92,4394.92,4391.47,0.0,0.0,20.40,0,-0.36,0.21,-0.57,4773.95,73.95,STOP_LOSS
2026-09-08 08:41:53.522,1788856913.523,ORDER_FILLED,360287970300000058,360287970300000067,A,SELL,0.10,4394.09,4394.09,0.00,+0.0,4394.21,4394.21,4392.09,8.0,0.0,0.00,0,0.00,0.00,0.00,4773.95,73.95,INITIAL_FILL
2026-09-08 08:42:12.115,1788856932.115,POSITION_CLOSED_STOP_LOSS,360287970300000075,360287970300000067,A,SELL,0.10,4394.14,4394.14,4394.26,+0.0,4394.26,4394.26,4392.14,0.0,0.0,18.60,0,-1.20,0.70,-1.90,4772.05,72.05,STOP_LOSS
2026-09-08 10:19:24.626,1788862764.627,ORDER_FILLED,360287970300000001,360287970300000003,A,BUY,0.10,4398.69,4398.69,0.00,+0.0,4398.57,4398.57,4400.69,8.0,0.0,0.00,0,0.00,0.00,0.00,4775.66,75.66,INITIAL_FILL
2026-09-08 10:19:29.890,1788862769.890,POSITION_CLOSED_STOP_LOSS,360287970300000007,360287970300000003,A,BUY,0.10,4398.59,4398.59,4398.47,+0.0,4398.47,4398.47,4400.59,0.0,0.0,5.30,0,-1.20,0.70,-1.90,4773.76,73.76,STOP_LOSS
2026-09-08 10:20:20.477,1788862820.478,ORDER_FILLED,360287970300000016,360287970300000021,A,BUY,0.10,4406.15,4406.15,0.00,+0.0,4406.03,4406.03,4408.15,8.0,0.0,0.00,0,0.00,0.00,0.00,4773.76,73.76,INITIAL_FILL
2026-09-08 10:20:25.410,1788862825.410,POSITION_CLOSED_STOP_LOSS,360287970300000025,360287970300000021,A,BUY,0.10,4405.29,4405.29,4405.17,+0.0,4405.17,4405.17,4407.29,0.0,0.0,4.90,0,-1.20,0.70,-1.90,4771.86,71.86,STOP_LOSS
2026-09-08 10:25:23.916,1788863123.916,ORDER_FILLED,360287970300000027,360287970300000036,A,BUY,0.10,4400.99,4400.99,0.00,+0.0,4400.87,4400.87,4402.99,8.0,0.0,0.00,0,0.00,0.00,0.00,4771.86,71.86,INITIAL_FILL
2026-09-08 10:25:28.919,1788863128.920,POSITION_CLOSED_STOP_LOSS,360287970300000043,360287970300000036,A,BUY,0.10,4401.13,4401.13,4401.01,+0.0,4401.01,4401.01,4403.13,0.0,0.0,4.90,0,-1.20,0.70,-1.90,4769.96,69.96,STOP_LOSS
2026-09-08 10:31:28.674,1788863488.674,ORDER_FILLED,360287970300000046,360287970300000053,A,BUY,0.10,4399.18,4399.18,0.00,+0.0,4399.06,4399.06,4401.18,8.0,0.0,0.00,0,0.00,0.00,0.00,4769.96,69.96,INITIAL_FILL
2026-09-08 10:31:34.219,1788863494.220,POSITION_CLOSED_STOP_LOSS,360287970300000060,360287970300000053,A,BUY,0.10,4399.16,4399.16,4399.04,+0.0,4399.04,4399.04,4401.16,0.0,0.0,5.50,0,-1.20,0.70,-1.90,4768.06,68.06,STOP_LOSS
2026-09-08 10:37:59.140,1788863879.140,ORDER_FILLED,360287970300000063,360287970300000070,A,SELL,0.10,4395.51,4395.51,0.00,+0.0,4395.63,4395.63,4393.51,8.0,0.0,0.00,0,0.00,0.00,0.00,4768.06,68.06,INITIAL_FILL
2026-09-08 10:38:04.147,1788863884.148,POSITION_CLOSED_STOP_LOSS,360287970300000075,360287970300000070,A,SELL,0.10,4395.73,4395.73,4395.85,+0.0,4395.85,4395.85,4393.73,0.0,0.0,5.00,0,-1.20,0.70,-1.90,4766.16,66.16,STOP_LOSS
2026-09-08 10:40:22.042,1788864022.043,ORDER_FILLED,360287970300000084,360287970300000093,A,SELL,0.10,4394.68,4394.68,0.00,+0.0,4394.80,4394.80,4392.68,8.0,0.0,0.00,0,0.00,0.00,0.00,4766.16,66.16,INITIAL_FILL
2026-09-08 10:40:53.259,1788864053.260,POSITION_CLOSED_BE_PROTECTED,360287970300000096,360287970300000093,A,SELL,0.10,4394.74,4394.74,4394.63,+0.0,4394.63,4394.63,4392.74,0.0,0.0,31.20,0,1.10,0.70,0.40,4766.56,66.56,BE_PROTECTED
2026-09-08 10:47:31.216,1788864451.217,ORDER_FILLED,360287970300000100,360287970300000105,A,SELL,0.10,4397.76,4397.76,0.00,+0.0,4397.88,4397.88,4395.76,8.0,0.0,0.00,0,0.00,0.00,0.00,4766.56,66.56,INITIAL_FILL
2026-09-08 10:47:36.186,1788864456.186,POSITION_CLOSED_STOP_LOSS,360287970300000110,360287970300000105,A,SELL,0.10,4398.06,4398.06,4398.18,+0.0,4398.18,4398.18,4396.06,0.0,0.0,5.00,0,-1.20,0.70,-1.90,4764.66,64.66,STOP_LOSS
2026-09-08 10:50:20.213,1788864620.214,ORDER_FILLED,360287970300000118,360287970300000122,A,BUY,0.10,4399.48,4399.48,0.00,+0.0,4399.36,4399.36,4401.48,8.0,0.0,0.00,0,0.00,0.00,0.00,4764.66,64.66,INITIAL_FILL
2026-09-08 10:50:36.590,1788864636.591,POSITION_CLOSED_STOP_LOSS,360287970300000125,360287970300000122,A,BUY,0.10,4399.56,4399.56,4399.44,+0.0,4399.44,4399.44,4401.56,0.0,0.0,16.40,0,-1.20,0.70,-1.90,4762.76,62.76,STOP_LOSS
2026-09-08 10:56:20.347,1788864980.348,ORDER_FILLED,360287970300000133,360287970300000140,A,BUY,0.10,4398.31,4398.31,0.00,+0.0,4398.19,4398.19,4400.31,8.0,0.0,0.00,0,0.00,0.00,0.00,4762.76,62.76,INITIAL_FILL
2026-09-08 10:56:25.223,1788864985.223,POSITION_CLOSED_STOP_LOSS,360287970300000142,360287970300000140,A,BUY,0.10,4398.85,4398.85,4398.73,+0.0,4398.73,4398.73,4400.85,0.0,0.0,4.90,0,-1.20,0.70,-1.90,4760.86,60.86,STOP_LOSS
2026-09-08 11:00:47.538,1788865247.539,ORDER_FILLED,360287970300000146,360287970300000150,A,SELL,0.10,4395.67,4395.67,0.00,+0.0,4395.79,4395.79,4393.67,8.0,0.0,0.00,0,0.00,0.00,0.00,4760.86,60.86,INITIAL_FILL
2026-09-08 11:00:52.975,1788865252.976,POSITION_CLOSED_STOP_LOSS,360287970300000152,360287970300000150,A,SELL,0.10,4395.21,4395.21,4395.33,+0.0,4395.33,4395.33,4393.21,0.0,0.0,5.40,0,-1.20,0.70,-1.90,4758.96,58.96,STOP_LOSS
2026-09-08 11:06:20.116,1788865580.116,ORDER_FILLED,360287970300000159,360287970300000167,A,SELL,0.10,4395.47,4395.47,0.00,+0.0,4395.59,4395.59,4393.47,8.0,0.0,0.00,0,0.00,0.00,0.00,4758.96,58.96,INITIAL_FILL
2026-09-08 11:06:26.345,1788865586.345,POSITION_CLOSED_STOP_LOSS,360287970300000168,360287970300000167,A,SELL,0.10,4395.42,4395.42,4395.54,+0.0,4395.54,4395.54,4393.42,0.0,0.0,6.20,0,-1.20,0.70,-1.90,4757.06,57.06,STOP_LOSS
2026-09-08 11:10:20.104,1788865820.105,ORDER_FILLED,360287970300000171,360287970300000177,A,SELL,0.10,4395.56,4395.56,0.00,+0.0,4395.68,4395.68,4393.56,8.0,0.0,0.00,0,0.00,0.00,0.00,4757.06,57.06,INITIAL_FILL
2026-09-08 11:12:14.384,1788865934.384,POSITION_CLOSED_WIN_TP,360287970300000179,360287970300000177,A,SELL,0.10,4395.26,4395.26,4393.26,+0.0,4394.26,4394.26,4393.26,0.0,0.0,114.30,0,20.00,0.70,19.30,4776.36,76.36,WIN_TP
2026-09-08 11:22:45.911,1788866565.911,ORDER_FILLED,360287970300000182,360287970300000191,A,BUY,0.10,4399.89,4399.89,0.00,+0.0,4399.77,4399.77,4401.89,8.0,0.0,0.00,0,0.00,0.00,0.00,4776.36,76.36,INITIAL_FILL
2026-09-08 11:22:50.798,1788866570.798,POSITION_CLOSED_STOP_LOSS,360287970300000200,360287970300000191,A,BUY,0.10,4399.89,4399.89,4399.77,+0.0,4399.77,4399.77,4401.89,0.0,0.0,4.90,0,-1.20,0.70,-1.90,4774.46,74.46,STOP_LOSS
2026-09-08 11:25:32.813,1788866732.814,ORDER_FILLED,360287970300000205,360287970300000210,A,BUY,0.10,4401.41,4401.41,0.00,+0.0,4401.29,4401.29,4403.41,8.0,0.0,0.00,0,0.00,0.00,0.00,4774.46,74.46,INITIAL_FILL
2026-09-08 11:25:37.684,1788866737.684,POSITION_CLOSED_STOP_LOSS,360287970300000211,360287970300000210,A,BUY,0.10,4401.60,4401.60,4401.48,+0.0,4401.48,4401.48,4403.60,0.0,0.0,4.90,0,-1.20,0.70,-1.90,4772.56,72.56,STOP_LOSS
2026-09-08 11:31:20.299,1788867080.299,ORDER_FILLED,360287970300000215,360287970300000219,A,BUY,0.10,4401.65,4401.65,0.00,+0.0,4401.53,4401.53,4403.65,8.0,0.0,0.00,0,0.00,0.00,0.00,4772.56,72.56,INITIAL_FILL
2026-09-08 11:31:25.311,1788867085.312,POSITION_CLOSED_STOP_LOSS,360287970300000223,360287970300000219,A,BUY,0.10,4401.65,4401.65,4401.53,+0.0,4401.53,4401.53,4403.65,0.0,0.0,4.90,0,-1.20,0.70,-1.90,4770.66,70.66,STOP_LOSS
2026-09-08 11:35:20.088,1788867320.088,ORDER_FILLED,360287970300000224,360287970300000227,A,BUY,0.10,4405.37,4405.37,0.00,+0.0,4405.25,4405.25,4407.37,8.0,0.0,0.00,0,0.00,0.00,0.00,4770.66,70.66,INITIAL_FILL
2026-09-08 11:35:35.538,1788867335.539,POSITION_CLOSED_STOP_LOSS,360287970300000230,360287970300000227,A,BUY,0.10,4405.40,4405.40,4405.28,+0.0,4405.28,4405.28,4407.40,0.0,0.0,15.40,0,-1.20,0.70,-1.90,4768.76,68.76,STOP_LOSS
2026-09-08 11:40:22.043,1788867622.043,ORDER_FILLED,360287970300000235,360287970300000242,A,BUY,0.10,4405.23,4405.23,0.00,+0.0,4405.11,4405.11,4407.23,8.0,0.0,0.00,0,0.00,0.00,0.00,4768.76,68.76,INITIAL_FILL
2026-09-08 11:40:26.924,1788867626.925,POSITION_CLOSED_STOP_LOSS,360287970300000243,360287970300000242,A,BUY,0.10,4405.44,4405.44,4405.32,+0.0,4405.32,4405.32,4407.44,0.0,0.0,4.90,0,-1.20,0.70,-1.90,4766.86,66.86,STOP_LOSS
2026-09-08 11:45:20.402,1788867920.402,ORDER_FILLED,360287970300000252,360287970300000257,A,BUY,0.10,4404.14,4404.14,0.00,+0.0,4404.02,4404.02,4406.14,8.0,0.0,0.00,0,0.00,0.00,0.00,4766.86,66.86,INITIAL_FILL
2026-09-08 11:45:25.306,1788867925.307,POSITION_CLOSED_STOP_LOSS,360287970300000265,360287970300000257,A,BUY,0.10,4404.32,4404.32,4404.20,+0.0,4404.20,4404.20,4406.32,0.0,0.0,4.90,0,-1.20,0.70,-1.90,4764.96,64.96,STOP_LOSS
2026-09-08 11:50:39.828,1788868239.829,ORDER_FILLED,360287970300000274,360287970300000283,A,BUY,0.10,4401.70,4401.70,0.00,+0.0,4401.58,4401.58,4403.70,8.0,0.0,0.00,0,0.00,0.00,0.00,4764.96,64.96,INITIAL_FILL
2026-09-08 11:50:45.762,1788868245.762,POSITION_CLOSED_STOP_LOSS,360287970300000289,360287970300000283,A,BUY,0.10,4402.17,4402.17,4402.05,+0.0,4402.05,4402.05,4404.17,0.0,0.0,5.90,0,-1.20,0.70,-1.90,4763.06,63.06,STOP_LOSS
2026-09-08 11:55:24.700,1788868524.701,ORDER_FILLED,360287970300000295,360287970300000302,A,BUY,0.10,4401.32,4401.32,0.00,+0.0,4401.20,4401.20,4403.32,8.0,0.0,0.00,0,0.00,0.00,0.00,4763.06,63.06,INITIAL_FILL
2026-09-08 11:58:39.776,1788868719.776,POSITION_CLOSED_WIN_TP,360287970300000308,360287970300000302,A,BUY,0.10,4401.40,4401.40,4403.40,+0.0,4402.40,4402.40,4403.40,0.0,0.0,195.10,0,20.00,0.70,19.30,4782.36,82.36,WIN_TP
2026-09-08 11:58:42.138,1788868722.139,ORDER_FILLED,360287970300000310,360287970300000316,B,BUY,0.03,4404.89,4404.89,0.00,+0.0,4404.77,4404.77,4408.22,8.0,0.0,0.00,0,0.00,0.00,0.00,4782.36,82.36,INITIAL_FILL
2026-09-08 11:58:46.589,1788868726.589,ORDER_FILLED,360287970300000320,360287970300000329,C,BUY,0.03,4404.89,4404.89,0.00,+0.0,4404.77,4404.77,4408.22,8.0,0.0,0.00,0,0.00,0.00,0.00,4782.36,82.36,INITIAL_FILL
2026-09-08 11:58:46.590,1788868726.590,ORDER_FILLED,360287970300000334,360287970300000336,C,SELL,0.03,4404.81,4404.81,0.00,+0.0,4404.93,4404.93,4401.48,8.0,0.0,0.00,0,0.00,0.00,0.00,4782.36,82.36,INITIAL_FILL
2026-09-08 11:58:55.916,1788868735.917,POSITION_CLOSED_STOP_LOSS,360287970300000344,360287970300000336,C,SELL,0.03,4405.45,4405.45,4405.57,+0.0,4405.57,4405.57,4402.12,0.0,0.0,9.30,0,-0.36,0.21,-0.57,4781.79,81.79,STOP_LOSS
2026-09-08 11:58:58.359,1788868738.359,POSITION_CLOSED_STOP_LOSS,360287970300000349,360287970300000329,C,BUY,0.03,4405.30,4405.30,4405.18,+0.0,4405.18,4405.18,4408.63,0.0,0.0,11.80,0,-0.36,0.21,-0.57,4781.22,81.22,STOP_LOSS
2026-09-08 12:00:07.302,1788868807.302,POSITION_CLOSED_RATCHET_WIN,360287970300000358,360287970300000316,B,BUY,0.03,4405.00,4405.00,4405.83,+0.0,4405.83,4405.83,4408.33,0.0,0.0,85.20,0,2.49,0.21,2.28,4783.50,83.50,RATCHET_WIN
2026-09-08 12:01:20.050,1788868880.051,ORDER_FILLED,360287970300000367,360287970300000371,A,BUY,0.10,4405.42,4405.42,0.00,+0.0,4405.30,4405.30,4407.42,8.0,0.0,0.00,0,0.00,0.00,0.00,4783.50,83.50,INITIAL_FILL
2026-09-08 12:01:28.108,1788868888.109,POSITION_CLOSED_STOP_LOSS,360287970300000375,360287970300000371,A,BUY,0.10,4405.39,4405.39,4405.27,+0.0,4405.27,4405.27,4407.39,0.0,0.0,8.10,0,-1.20,0.70,-1.90,4781.60,81.60,STOP_LOSS
2026-09-08 12:05:42.529,1788869142.529,ORDER_FILLED,360287970300000379,360287970300000386,A,BUY,0.10,4402.93,4402.93,0.00,+0.0,4402.81,4402.81,4404.93,8.0,0.0,0.00,0,0.00,0.00,0.00,4781.60,81.60,INITIAL_FILL
2026-09-08 12:06:03.190,1788869163.190,POSITION_CLOSED_BE_PROTECTED,360287970300000390,360287970300000386,A,BUY,0.10,4403.09,4403.09,4403.20,+0.0,4403.20,4403.20,4405.09,0.0,0.0,20.70,0,1.10,0.70,0.40,4782.00,82.00,BE_PROTECTED
2026-09-08 12:15:20.014,1788869720.014,ORDER_FILLED,360287970300000396,360287970300000398,A,SELL,0.10,4387.28,4387.28,0.00,+0.0,4387.40,4387.40,4385.28,8.0,0.0,0.00,0,0.00,0.00,0.00,4782.00,82.00,INITIAL_FILL
2026-09-08 12:15:24.970,1788869724.970,POSITION_CLOSED_STOP_LOSS,360287970300000405,360287970300000398,A,SELL,0.10,4386.19,4386.19,4386.31,+0.0,4386.31,4386.31,4384.19,0.0,0.0,5.00,0,-1.20,0.70,-1.90,4780.10,80.10,STOP_LOSS
2026-09-08 12:20:20.726,1788870020.726,ORDER_FILLED,360287970300000413,360287970300000420,A,SELL,0.10,4388.22,4388.22,0.00,+0.0,4388.34,4388.34,4386.22,8.0,0.0,0.00,0,0.00,0.00,0.00,4780.10,80.10,INITIAL_FILL
2026-09-08 12:20:25.684,1788870025.684,POSITION_CLOSED_STOP_LOSS,360287970300000428,360287970300000420,A,SELL,0.10,4387.44,4387.44,4387.56,+0.0,4387.56,4387.56,4385.44,0.0,0.0,4.90,0,-1.20,0.70,-1.90,4778.20,78.20,STOP_LOSS
2026-09-08 12:28:31.493,1788870511.493,ORDER_FILLED,360287970300000433,360287970300000438,A,SELL,0.10,4397.02,4397.02,0.00,+0.0,4397.14,4397.14,4395.02,8.0,0.0,0.00,0,0.00,0.00,0.00,4778.20,78.20,INITIAL_FILL
2026-09-08 12:28:36.413,1788870516.414,POSITION_CLOSED_STOP_LOSS,360287970300000440,360287970300000438,A,SELL,0.10,4396.94,4396.94,4397.06,+0.0,4397.06,4397.06,4394.94,0.0,0.0,4.90,0,-1.20,0.70,-1.90,4776.30,76.30,STOP_LOSS
2026-09-08 12:32:20.124,1788870740.125,ORDER_FILLED,360287970300000444,360287970300000448,A,BUY,0.10,4403.97,4403.97,0.00,+0.0,4403.85,4403.85,4405.97,8.0,0.0,0.00,0,0.00,0.00,0.00,4776.30,76.30,INITIAL_FILL
2026-09-08 12:33:01.273,1788870781.273,POSITION_CLOSED_WIN_TP,360287970300000456,360287970300000448,A,BUY,0.10,4404.00,4404.00,4406.00,+0.0,4405.00,4405.00,4406.00,0.0,0.0,41.10,0,20.00,0.70,19.30,4795.60,95.60,WIN_TP
2026-09-08 12:36:53.839,1788871013.839,ORDER_FILLED,360287970300000460,360287970300000465,A,BUY,0.10,4403.21,4403.21,0.00,+0.0,4403.09,4403.09,4405.21,8.0,0.0,0.00,0,0.00,0.00,0.00,4795.60,95.60,INITIAL_FILL
2026-09-08 12:37:05.245,1788871025.246,POSITION_CLOSED_STOP_LOSS,360287970300000474,360287970300000465,A,BUY,0.10,4403.10,4403.10,4402.98,+0.0,4402.98,4402.98,4405.10,0.0,0.0,11.40,0,-1.20,0.70,-1.90,4793.70,93.70,STOP_LOSS
2026-09-08 12:43:42.971,1788871422.971,ORDER_FILLED,360287970300000483,360287970300000490,A,SELL,0.10,4397.01,4397.01,0.00,+0.0,4397.13,4397.13,4395.01,8.0,0.0,0.00,0,0.00,0.00,0.00,4793.70,93.70,INITIAL_FILL
2026-09-08 12:43:53.988,1788871433.988,POSITION_CLOSED_RATCHET_WIN,360287970300000493,360287970300000490,A,SELL,0.10,4396.61,4396.61,4396.11,+0.0,4396.11,4396.11,4394.61,0.0,0.0,11.00,0,5.00,0.70,4.30,4798.00,98.00,RATCHET_WIN
2026-09-08 12:45:36.843,1788871536.843,ORDER_FILLED,360287970300000501,360287970300000502,A,SELL,0.10,4395.87,4395.87,0.00,+0.0,4395.99,4395.99,4393.87,8.0,0.0,0.00,0,0.00,0.00,0.00,4798.00,98.00,INITIAL_FILL
2026-09-08 12:45:42.185,1788871542.185,POSITION_CLOSED_STOP_LOSS,360287970300000504,360287970300000502,A,SELL,0.10,4395.88,4395.88,4396.00,+0.0,4396.00,4396.00,4393.88,0.0,0.0,5.30,0,-1.20,0.70,-1.90,4796.10,96.10,STOP_LOSS
2026-09-08 12:50:27.515,1788871827.516,ORDER_FILLED,360287970300000513,360287970300000519,A,BUY,0.10,4402.65,4402.65,0.00,+0.0,4402.53,4402.53,4404.65,8.0,0.0,0.00,0,0.00,0.00,0.00,4796.10,96.10,INITIAL_FILL
2026-09-08 12:50:32.929,1788871832.930,POSITION_CLOSED_STOP_LOSS,360287970300000525,360287970300000519,A,BUY,0.10,4402.51,4402.51,4402.39,+0.0,4402.39,4402.39,4404.51,0.0,0.0,5.40,0,-1.20,0.70,-1.90,4794.20,94.20,STOP_LOSS
2026-09-08 12:55:20.319,1788872120.319,ORDER_FILLED,360287970300000534,360287970300000539,A,BUY,0.10,4404.04,4404.04,0.00,+0.0,4403.92,4403.92,4406.04,8.0,0.0,0.00,0,0.00,0.00,0.00,4794.20,94.20,INITIAL_FILL
2026-09-08 12:55:25.358,1788872125.358,POSITION_CLOSED_STOP_LOSS,360287970300000544,360287970300000539,A,BUY,0.10,4404.11,4404.11,4403.99,+0.0,4403.99,4403.99,4406.11,0.0,0.0,5.00,0,-1.20,0.70,-1.90,4792.30,92.30,STOP_LOSS
2026-09-08 13:02:25.030,1788872545.031,ORDER_FILLED,360287970300000552,360287970300000555,A,BUY,0.10,4405.17,4405.17,0.00,+0.0,4405.05,4405.05,4407.17,8.0,0.0,0.00,0,0.00,0.00,0.00,4792.30,92.30,INITIAL_FILL
2026-09-08 13:02:29.869,1788872549.870,POSITION_CLOSED_STOP_LOSS,360287970300000562,360287970300000555,A,BUY,0.10,4405.19,4405.19,4405.07,+0.0,4405.07,4405.07,4407.19,0.0,0.0,4.80,0,-1.20,0.70,-1.90,4790.40,90.40,STOP_LOSS
2026-09-08 13:05:20.362,1788872720.363,ORDER_FILLED,360287970300000566,360287970300000570,A,BUY,0.10,4406.90,4406.90,0.00,+0.0,4406.78,4406.78,4408.90,8.0,0.0,0.00,0,0.00,0.00,0.00,4790.40,90.40,INITIAL_FILL
2026-09-08 13:05:25.683,1788872725.684,POSITION_CLOSED_STOP_LOSS,360287970300000572,360287970300000570,A,BUY,0.10,4406.84,4406.84,4406.72,+0.0,4406.72,4406.72,4408.84,0.0,0.0,5.30,0,-1.20,0.70,-1.90,4788.50,88.50,STOP_LOSS
2026-09-08 13:10:22.639,1788873022.639,ORDER_FILLED,360287970300000576,360287970300000579,A,BUY,0.10,4405.15,4405.15,0.00,+0.0,4405.03,4405.03,4407.15,8.0,0.0,0.00,0,0.00,0.00,0.00,4788.50,88.50,INITIAL_FILL
2026-09-08 13:10:29.028,1788873029.029,POSITION_CLOSED_STOP_LOSS,360287970300000581,360287970300000579,A,BUY,0.10,4404.98,4404.98,4404.86,+0.0,4404.86,4404.86,4406.98,0.0,0.0,6.40,0,-1.20,0.70,-1.90,4786.60,86.60,STOP_LOSS
2026-09-08 13:16:20.128,1788873380.129,ORDER_FILLED,360287970300000584,360287970300000590,A,BUY,0.10,4408.13,4408.13,0.00,+0.0,4408.01,4408.01,4410.13,8.0,0.0,0.00,0,0.00,0.00,0.00,4786.60,86.60,INITIAL_FILL
2026-09-08 13:16:25.067,1788873385.067,POSITION_CLOSED_STOP_LOSS,360287970300000597,360287970300000590,A,BUY,0.10,4408.75,4408.75,4408.63,+0.0,4408.63,4408.63,4410.75,0.0,0.0,4.90,0,-1.20,0.70,-1.90,4784.70,84.70,STOP_LOSS
2026-09-08 13:20:36.785,1788873636.785,ORDER_FILLED,360287970300000605,360287970300000607,A,BUY,0.10,4408.84,4408.84,0.00,+0.0,4408.72,4408.72,4410.84,8.0,0.0,0.00,0,0.00,0.00,0.00,4784.70,84.70,INITIAL_FILL
2026-09-08 13:20:41.825,1788873641.826,POSITION_CLOSED_STOP_LOSS,360287970300000612,360287970300000607,A,BUY,0.10,4408.56,4408.56,4408.44,+0.0,4408.44,4408.44,4410.56,0.0,0.0,5.00,0,-1.20,0.70,-1.90,4782.80,82.80,STOP_LOSS
2026-09-08 13:30:20.196,1788874220.196,ORDER_FILLED,360287970300000614,360287970300000616,A,BUY,0.10,4404.42,4404.42,0.00,+0.0,4404.30,4404.30,4406.42,8.0,0.0,0.00,0,0.00,0.00,0.00,4782.80,82.80,INITIAL_FILL
2026-09-08 13:30:26.221,1788874226.221,POSITION_CLOSED_BE_PROTECTED,360287970300000619,360287970300000616,A,BUY,0.10,4404.42,4404.42,4404.53,+0.0,4404.53,4404.53,4406.42,0.0,0.0,6.00,0,1.10,0.70,0.40,4783.20,83.20,BE_PROTECTED
2026-09-08 13:35:20.809,1788874520.809,ORDER_FILLED,360287970300000623,360287970300000626,A,SELL,0.10,4397.74,4397.74,0.00,+0.0,4397.86,4397.86,4395.74,8.0,0.0,0.00,0,0.00,0.00,0.00,4783.20,83.20,INITIAL_FILL
2026-09-08 13:35:31.882,1788874531.883,POSITION_CLOSED_RATCHET_WIN,360287970300000627,360287970300000626,A,SELL,0.10,4397.74,4397.74,4396.74,+0.0,4396.74,4396.74,4395.74,0.0,0.0,11.10,0,10.00,0.70,9.30,4792.50,92.50,RATCHET_WIN
2026-09-08 13:37:36.060,1788874656.061,ORDER_FILLED,360287970300000009,360287970300000011,B,SELL,0.03,4397.07,4397.07,0.00,+0.0,4397.19,4397.19,4393.74,8.0,0.0,0.00,0,0.00,0.00,0.00,4775.66,75.66,INITIAL_FILL
2026-09-08 13:37:36.061,1788874656.062,ORDER_FILLED,360287970300000018,360287970300000026,C,BUY,0.03,4397.15,4397.15,0.00,+0.0,4397.03,4397.03,4400.48,8.0,0.0,0.00,0,0.00,0.00,0.00,4775.66,75.66,INITIAL_FILL
2026-09-08 13:37:36.062,1788874656.063,ORDER_FILLED,360287970300000031,360287970300000038,C,SELL,0.03,4397.07,4397.07,0.00,+0.0,4397.19,4397.19,4393.74,8.0,0.0,0.00,0,0.00,0.00,0.00,4775.66,75.66,INITIAL_FILL
2026-09-08 13:37:36.679,1788874656.680,POSITION_CLOSED_STOP_LOSS,360287970300000043,360287970300000011,B,SELL,0.03,4397.07,4397.07,4397.19,+0.0,4397.19,4397.19,4393.74,0.0,0.0,0.60,0,-0.36,0.21,-0.57,4775.09,75.09,STOP_LOSS
2026-09-08 13:37:36.681,1788874656.682,POSITION_CLOSED_STOP_LOSS,360287970300000045,360287970300000038,C,SELL,0.03,4397.07,4397.07,4397.19,+0.0,4397.19,4397.19,4393.74,0.0,0.0,0.60,0,-0.36,0.21,-0.57,4774.52,74.52,STOP_LOSS
2026-09-08 13:37:57.668,1788874677.669,POSITION_CLOSED_WIN_TP,360287970300000054,360287970300000026,C,BUY,0.03,4397.15,4397.15,4400.48,+0.0,4398.81,4398.81,4400.48,0.0,0.0,21.60,0,9.99,0.21,9.78,4784.30,84.30,WIN_TP
2026-09-08 13:39:43.478,1788874783.479,ORDER_FILLED,360287970300000062,360287970300000064,A,SELL,0.10,4398.81,4398.81,0.00,+0.0,4398.93,4398.93,4396.81,8.0,0.0,0.00,0,0.00,0.00,0.00,4784.30,84.30,INITIAL_FILL
2026-09-08 13:39:48.395,1788874788.396,POSITION_CLOSED_STOP_LOSS,360287970300000070,360287970300000064,A,SELL,0.10,4399.35,4399.35,4399.47,+0.0,4399.47,4399.47,4397.35,0.0,0.0,4.90,0,-1.20,0.70,-1.90,4782.40,82.40,STOP_LOSS
2026-09-08 13:40:20.415,1788874820.416,ORDER_FILLED,360287970300000074,360287970300000076,A,SELL,0.10,4397.63,4397.63,0.00,+0.0,4397.75,4397.75,4395.63,8.0,0.0,0.00,0,0.00,0.00,0.00,4782.40,82.40,INITIAL_FILL
2026-09-08 13:40:25.369,1788874825.369,POSITION_CLOSED_STOP_LOSS,360287970300000077,360287970300000076,A,SELL,0.10,4397.07,4397.07,4397.19,+0.0,4397.19,4397.19,4395.07,0.0,0.0,4.90,0,-1.20,0.70,-1.90,4780.50,80.50,STOP_LOSS
2026-09-08 13:45:41.809,1788875141.809,ORDER_FILLED,360287970300000084,360287970300000086,A,SELL,0.10,4396.13,4396.13,0.00,+0.0,4396.25,4396.25,4394.13,8.0,0.0,0.00,0,0.00,0.00,0.00,4780.50,80.50,INITIAL_FILL
2026-09-08 13:45:47.827,1788875147.827,POSITION_CLOSED_RATCHET_WIN,360287970300000087,360287970300000086,A,SELL,0.10,4396.13,4396.13,4395.13,+0.0,4395.13,4395.13,4394.13,0.0,0.0,6.00,0,10.00,0.70,9.30,4789.80,89.80,RATCHET_WIN
2026-09-08 13:50:23.719,1788875423.720,ORDER_FILLED,360287970300000096,360287970300000101,A,BUY,0.10,4403.13,4403.13,0.00,+0.0,4403.01,4403.01,4405.13,8.0,0.0,0.00,0,0.00,0.00,0.00,4789.80,89.80,INITIAL_FILL
2026-09-08 13:50:24.226,1788875424.227,POSITION_CLOSED_STOP_LOSS,360287970300000103,360287970300000101,A,BUY,0.10,4403.13,4403.13,4403.01,+0.0,4403.01,4403.01,4405.13,0.0,0.0,0.50,0,-1.20,0.70,-1.90,4787.90,87.90,STOP_LOSS
2026-09-08 13:55:20.276,1788875720.277,ORDER_FILLED,360287970300000106,360287970300000107,A,BUY,0.10,4405.90,4405.90,0.00,+0.0,4405.78,4405.78,4407.90,8.0,0.0,0.00,0,0.00,0.00,0.00,4787.90,87.90,INITIAL_FILL
2026-09-08 13:55:21.280,1788875721.281,POSITION_CLOSED_STOP_LOSS,360287970300000112,360287970300000107,A,BUY,0.10,4405.90,4405.90,4405.78,+0.0,4405.78,4405.78,4407.90,0.0,0.0,1.00,0,-1.20,0.70,-1.90,4786.00,86.00,STOP_LOSS
2026-09-08 14:02:20.215,1788876140.216,ORDER_FILLED,360287970300000121,360287970300000122,A,SELL,0.10,4397.36,4397.36,0.00,+0.0,4397.48,4397.48,4395.36,8.0,0.0,0.00,0,0.00,0.00,0.00,4786.00,86.00,INITIAL_FILL
2026-09-08 14:02:21.719,1788876141.720,POSITION_CLOSED_STOP_LOSS,360287970300000128,360287970300000122,A,SELL,0.10,4397.36,4397.36,4397.48,+0.0,4397.48,4397.48,4395.36,0.0,0.0,1.50,0,-1.20,0.70,-1.90,4784.10,84.10,STOP_LOSS
2026-09-08 14:05:26.301,1788876326.302,ORDER_FILLED,360287970300000137,360287970300000143,A,SELL,0.10,4400.73,4400.73,0.00,+0.0,4400.85,4400.85,4398.73,8.0,0.0,0.00,0,0.00,0.00,0.00,4784.10,84.10,INITIAL_FILL
2026-09-08 14:05:38.371,1788876338.371,POSITION_CLOSED_BE_PROTECTED,360287970300000148,360287970300000143,A,SELL,0.10,4400.73,4400.73,4400.62,+0.0,4400.62,4400.62,4398.73,0.0,0.0,12.10,0,1.10,0.70,0.40,4784.50,84.50,BE_PROTECTED
2026-09-08 14:10:28.301,1788876628.301,ORDER_FILLED,360287970300000155,360287970300000160,A,SELL,0.10,4396.62,4396.62,0.00,+0.0,4396.74,4396.74,4394.62,8.0,0.0,0.00,0,0.00,0.00,0.00,4784.50,84.50,INITIAL_FILL
2026-09-08 14:10:28.803,1788876628.804,POSITION_CLOSED_STOP_LOSS,360287970300000161,360287970300000160,A,SELL,0.10,4396.62,4396.62,4396.74,+0.0,4396.74,4396.74,4394.62,0.0,0.0,0.50,0,-1.20,0.70,-1.90,4782.60,82.60,STOP_LOSS
2026-09-08 14:16:23.492,1788876983.492,ORDER_FILLED,360287970300000163,360287970300000167,A,SELL,0.10,4395.62,4395.62,0.00,+0.0,4395.74,4395.74,4393.62,8.0,0.0,0.00,0,0.00,0.00,0.00,4782.60,82.60,INITIAL_FILL
2026-09-08 14:16:24.528,1788876984.528,POSITION_CLOSED_STOP_LOSS,360287970300000176,360287970300000167,A,SELL,0.10,4395.62,4395.62,4395.74,+0.0,4395.74,4395.74,4393.62,0.0,0.0,1.00,0,-1.20,0.70,-1.90,4780.70,80.70,STOP_LOSS
2026-09-08 14:20:20.406,1788877220.406,ORDER_FILLED,360287970300000185,360287970300000191,A,SELL,0.10,4396.95,4396.95,0.00,+0.0,4397.07,4397.07,4394.95,8.0,0.0,0.00,0,0.00,0.00,0.00,4780.70,80.70,INITIAL_FILL
2026-09-08 14:20:22.437,1788877222.438,POSITION_CLOSED_STOP_LOSS,360287970300000198,360287970300000191,A,SELL,0.10,4396.95,4396.95,4397.07,+0.0,4397.07,4397.07,4394.95,0.0,0.0,2.00,0,-1.20,0.70,-1.90,4778.80,78.80,STOP_LOSS
2026-09-08 14:28:54.138,1788877734.139,ORDER_FILLED,360287970300000207,360287970300000209,A,SELL,0.10,4399.46,4399.46,0.00,+0.0,4399.58,4399.58,4397.46,8.0,0.0,0.00,0,0.00,0.00,0.00,4778.80,78.80,INITIAL_FILL
2026-09-08 14:28:55.144,1788877735.144,POSITION_CLOSED_STOP_LOSS,360287970300000218,360287970300000209,A,SELL,0.10,4399.46,4399.46,4399.58,+0.0,4399.58,4399.58,4397.46,0.0,0.0,1.00,0,-1.20,0.70,-1.90,4776.90,76.90,STOP_LOSS
2026-09-08 14:30:38.731,1788877838.731,ORDER_FILLED,360287970300000227,360287970300000230,A,SELL,0.10,4395.57,4395.57,0.00,+0.0,4395.69,4395.69,4393.57,8.0,0.0,0.00,0,0.00,0.00,0.00,4776.90,76.90,INITIAL_FILL
2026-09-08 14:30:42.754,1788877842.754,POSITION_CLOSED_STOP_LOSS,360287970300000239,360287970300000230,A,SELL,0.10,4395.57,4395.57,4395.69,+0.0,4395.69,4395.69,4393.57,0.0,0.0,4.00,0,-1.20,0.70,-1.90,4775.00,75.00,STOP_LOSS
2026-09-08 14:36:23.011,1788878183.012,ORDER_FILLED,360287970300000244,360287970300000250,A,SELL,0.10,4398.62,4398.62,0.00,+0.0,4398.74,4398.74,4396.62,8.0,0.0,0.00,0,0.00,0.00,0.00,4775.00,75.00,INITIAL_FILL
2026-09-08 14:36:30.031,1788878190.031,POSITION_CLOSED_STOP_LOSS,360287970300000251,360287970300000250,A,SELL,0.10,4398.62,4398.62,4398.74,+0.0,4398.74,4398.74,4396.62,0.0,0.0,7.00,0,-1.20,0.70,-1.90,4773.10,73.10,STOP_LOSS
2026-09-08 14:40:21.179,1788878421.180,ORDER_FILLED,360287970300000256,360287970300000262,A,SELL,0.10,4395.12,4395.12,0.00,+0.0,4395.24,4395.24,4393.12,8.0,0.0,0.00,0,0.00,0.00,0.00,4773.10,73.10,INITIAL_FILL
2026-09-08 14:40:31.713,1788878431.713,POSITION_CLOSED_BE_PROTECTED,360287970300000271,360287970300000262,A,SELL,0.10,4395.12,4395.12,4395.01,+0.0,4395.01,4395.01,4393.12,0.0,0.0,10.50,0,1.10,0.70,0.40,4773.50,73.50,BE_PROTECTED
2026-09-08 14:45:20.144,1788878720.145,ORDER_FILLED,360287970300000279,360287970300000283,A,SELL,0.10,4396.26,4396.26,0.00,+0.0,4396.38,4396.38,4394.26,8.0,0.0,0.00,0,0.00,0.00,0.00,4773.50,73.50,INITIAL_FILL
2026-09-08 14:45:34.732,1788878734.733,POSITION_CLOSED_BE_PROTECTED,360287970300000284,360287970300000283,A,SELL,0.10,4396.26,4396.26,4396.15,+0.0,4396.15,4396.15,4394.26,0.0,0.0,14.60,0,1.10,0.70,0.40,4773.90,73.90,BE_PROTECTED
2026-09-08 14:51:28.897,1788879088.898,ORDER_FILLED,360287970300000290,360287970300000297,A,SELL,0.10,4392.57,4392.57,0.00,+0.0,4392.69,4392.69,4390.57,8.0,0.0,0.00,0,0.00,0.00,0.00,4773.90,73.90,INITIAL_FILL
2026-09-08 14:51:29.399,1788879089.399,POSITION_CLOSED_STOP_LOSS,360287970300000300,360287970300000297,A,SELL,0.10,4392.57,4392.57,4392.69,+0.0,4392.69,4392.69,4390.57,0.0,0.0,0.50,0,-1.20,0.70,-1.90,4772.00,72.00,STOP_LOSS
2026-09-08 14:56:34.901,1788879394.902,ORDER_FILLED,360287970300000301,360287970300000308,A,SELL,0.10,4394.10,4394.10,0.00,+0.0,4394.22,4394.22,4392.10,8.0,0.0,0.00,0,0.00,0.00,0.00,4772.00,72.00,INITIAL_FILL
2026-09-08 14:56:36.914,1788879396.915,POSITION_CLOSED_STOP_LOSS,360287970300000310,360287970300000308,A,SELL,0.10,4394.10,4394.10,4394.22,+0.0,4394.22,4394.22,4392.10,0.0,0.0,2.00,0,-1.20,0.70,-1.90,4770.10,70.10,STOP_LOSS
2026-09-08 15:10:20.504,1788880220.504,ORDER_FILLED,360287970300000317,360287970300000322,A,BUY,0.10,4405.43,4405.43,0.00,+0.0,4405.31,4405.31,4407.43,8.0,0.0,0.00,0,0.00,0.00,0.00,4770.10,70.10,INITIAL_FILL
2026-09-08 15:10:37.077,1788880237.078,POSITION_CLOSED_RATCHET_WIN,360287970300000323,360287970300000322,A,BUY,0.10,4405.43,4405.43,4405.93,+0.0,4405.93,4405.93,4407.43,0.0,0.0,16.60,0,5.00,0.70,4.30,4774.40,74.40,RATCHET_WIN
2026-09-08 15:15:20.436,1788880520.437,ORDER_FILLED,360287970300000332,360287970300000335,A,BUY,0.10,4405.91,4405.91,0.00,+0.0,4405.79,4405.79,4407.91,8.0,0.0,0.00,0,0.00,0.00,0.00,4774.40,74.40,INITIAL_FILL
2026-09-08 15:15:21.940,1788880521.940,POSITION_CLOSED_STOP_LOSS,360287970300000342,360287970300000335,A,BUY,0.10,4405.91,4405.91,4405.79,+0.0,4405.79,4405.79,4407.91,0.0,0.0,1.50,0,-1.20,0.70,-1.90,4772.50,72.50,STOP_LOSS
2026-09-08 15:25:44.407,1788881144.408,ORDER_FILLED,360287970300000347,360287970300000349,A,BUY,0.10,4404.34,4404.34,0.00,+0.0,4404.22,4404.22,4406.34,8.0,0.0,0.00,0,0.00,0.00,0.00,4772.50,72.50,INITIAL_FILL
2026-09-08 15:25:44.910,1788881144.910,POSITION_CLOSED_STOP_LOSS,360287970300000358,360287970300000349,A,BUY,0.10,4404.34,4404.34,4404.22,+0.0,4404.22,4404.22,4406.34,0.0,0.0,0.50,0,-1.20,0.70,-1.90,4770.60,70.60,STOP_LOSS
2026-09-08 15:30:20.270,1788881420.271,ORDER_FILLED,360287970300000363,360287970300000367,A,BUY,0.10,4401.15,4401.15,0.00,+0.0,4401.03,4401.03,4403.15,8.0,0.0,0.00,0,0.00,0.00,0.00,4770.60,70.60,INITIAL_FILL
2026-09-08 15:30:21.272,1788881421.273,POSITION_CLOSED_STOP_LOSS,360287970300000368,360287970300000367,A,BUY,0.10,4401.15,4401.15,4401.03,+0.0,4401.03,4401.03,4403.15,0.0,0.0,1.00,0,-1.20,0.70,-1.90,4768.70,68.70,STOP_LOSS
2026-09-08 15:44:28.864,1788882268.864,ORDER_FILLED,360287970300000376,360287970300000381,A,BUY,0.10,4401.04,4401.04,0.00,+0.0,4400.92,4400.92,4403.04,8.0,0.0,0.00,0,0.00,0.00,0.00,4768.70,68.70,INITIAL_FILL
2026-09-08 15:44:29.866,1788882269.867,POSITION_CLOSED_STOP_LOSS,360287970300000387,360287970300000381,A,BUY,0.10,4401.04,4401.04,4400.92,+0.0,4400.92,4400.92,4403.04,0.0,0.0,1.00,0,-1.20,0.70,-1.90,4766.80,66.80,STOP_LOSS
2026-09-08 15:46:58.353,1788882418.354,ORDER_FILLED,360287970300000392,360287970300000398,A,SELL,0.10,4397.59,4397.59,0.00,+0.0,4397.71,4397.71,4395.59,8.0,0.0,0.00,0,0.00,0.00,0.00,4766.80,66.80,INITIAL_FILL
2026-09-08 15:47:00.360,1788882420.361,POSITION_CLOSED_STOP_LOSS,360287970300000404,360287970300000398,A,SELL,0.10,4397.59,4397.59,4397.71,+0.0,4397.71,4397.71,4395.59,0.0,0.0,2.00,0,-1.20,0.70,-1.90,4764.90,64.90,STOP_LOSS
2026-09-08 15:51:37.690,1788882697.691,ORDER_FILLED,360287970300000409,360287970300000417,A,SELL,0.10,4397.88,4397.88,0.00,+0.0,4398.00,4398.00,4395.88,8.0,0.0,0.00,0,0.00,0.00,0.00,4764.90,64.90,INITIAL_FILL
2026-09-08 15:51:48.726,1788882708.726,POSITION_CLOSED_STOP_LOSS,360287970300000421,360287970300000417,A,SELL,0.10,4397.88,4397.88,4398.00,+0.0,4398.00,4398.00,4395.88,0.0,0.0,11.00,0,-1.20,0.70,-1.90,4763.00,63.00,STOP_LOSS
2026-09-08 15:56:58.162,1788883018.163,ORDER_FILLED,360287970300000429,360287970300000432,A,SELL,0.10,4398.27,4398.27,0.00,+0.0,4398.39,4398.39,4396.27,8.0,0.0,0.00,0,0.00,0.00,0.00,4763.00,63.00,INITIAL_FILL
2026-09-08 15:58:32.457,1788883112.458,POSITION_CLOSED_RATCHET_WIN,360287970300000435,360287970300000432,A,SELL,0.10,4398.27,4398.27,4397.27,+0.0,4397.27,4397.27,4396.27,0.0,0.0,94.30,0,10.00,0.70,9.30,4772.30,72.30,RATCHET_WIN
2026-09-08 16:00:20.298,1788883220.298,ORDER_FILLED,360287970300000441,360287970300000448,A,SELL,0.10,4394.05,4394.05,0.00,+0.0,4394.17,4394.17,4392.05,8.0,0.0,0.00,0,0.00,0.00,0.00,4772.30,72.30,INITIAL_FILL
2026-09-08 16:00:34.346,1788883234.346,POSITION_CLOSED_STOP_LOSS,360287970300000452,360287970300000448,A,SELL,0.10,4394.05,4394.05,4394.17,+0.0,4394.17,4394.17,4392.05,0.0,0.0,14.00,0,-1.20,0.70,-1.90,4770.40,70.40,STOP_LOSS
2026-09-08 16:05:23.267,1788883523.267,ORDER_FILLED,360287970300000454,360287970300000456,A,SELL,0.10,4393.84,4393.84,0.00,+0.0,4393.96,4393.96,4391.84,8.0,0.0,0.00,0,0.00,0.00,0.00,4770.40,70.40,INITIAL_FILL
2026-09-08 16:05:28.282,1788883528.282,POSITION_CLOSED_STOP_LOSS,360287970300000458,360287970300000456,A,SELL,0.10,4393.84,4393.84,4393.96,+0.0,4393.96,4393.96,4391.84,0.0,0.0,5.00,0,-1.20,0.70,-1.90,4768.50,68.50,STOP_LOSS
2026-09-08 16:12:32.089,1788883952.090,ORDER_FILLED,360287970300000462,360287970300000469,A,SELL,0.10,4382.17,4382.17,0.00,+0.0,4382.29,4382.29,4380.17,8.0,0.0,0.00,0,0.00,0.00,0.00,4768.50,68.50,INITIAL_FILL
2026-09-08 16:12:36.104,1788883956.104,POSITION_CLOSED_BE_PROTECTED,360287970300000475,360287970300000469,A,SELL,0.10,4382.17,4382.17,4382.06,+0.0,4382.06,4382.06,4380.17,0.0,0.0,4.00,0,1.10,0.70,0.40,4768.90,68.90,BE_PROTECTED
2026-09-08 16:16:26.288,1788884186.288,ORDER_FILLED,360287970300000481,360287970300000488,A,SELL,0.10,4385.36,4385.36,0.00,+0.0,4385.48,4385.48,4383.36,8.0,0.0,0.00,0,0.00,0.00,0.00,4768.90,68.90,INITIAL_FILL
2026-09-08 16:16:29.799,1788884189.800,POSITION_CLOSED_STOP_LOSS,360287970300000489,360287970300000488,A,SELL,0.10,4385.36,4385.36,4385.48,+0.0,4385.48,4385.48,4383.36,0.0,0.0,3.50,0,-1.20,0.70,-1.90,4767.00,67.00,STOP_LOSS
2026-09-08 16:21:20.698,1788884480.698,ORDER_FILLED,360287970300000490,360287970300000495,A,SELL,0.10,4387.27,4387.27,0.00,+0.0,4387.39,4387.39,4385.27,8.0,0.0,0.00,0,0.00,0.00,0.00,4767.00,67.00,INITIAL_FILL
2026-09-08 16:21:21.701,1788884481.702,POSITION_CLOSED_STOP_LOSS,360287970300000504,360287970300000495,A,SELL,0.10,4387.27,4387.27,4387.39,+0.0,4387.39,4387.39,4385.27,0.0,0.0,1.00,0,-1.20,0.70,-1.90,4765.10,65.10,STOP_LOSS
2026-09-08 16:25:35.008,1788884735.009,ORDER_FILLED,360287970300000513,360287970300000518,A,SELL,0.10,4391.56,4391.56,0.00,+0.0,4391.68,4391.68,4389.56,8.0,0.0,0.00,0,0.00,0.00,0.00,4765.10,65.10,INITIAL_FILL
2026-09-08 16:25:43.033,1788884743.034,POSITION_CLOSED_BE_PROTECTED,360287970300000521,360287970300000518,A,SELL,0.10,4391.56,4391.56,4391.45,+0.0,4391.45,4391.45,4389.56,0.0,0.0,8.00,0,1.10,0.70,0.40,4765.50,65.50,BE_PROTECTED
2026-09-08 16:45:20.738,1788885920.739,ORDER_FILLED,360287970300000529,360287970300000533,A,SELL,0.10,4393.09,4393.09,0.00,+0.0,4393.21,4393.21,4391.09,8.0,0.0,0.00,0,0.00,0.00,0.00,4765.50,65.50,INITIAL_FILL
2026-09-08 16:45:27.259,1788885927.259,POSITION_CLOSED_STOP_LOSS,360287970300000541,360287970300000533,A,SELL,0.10,4393.09,4393.09,4393.21,+0.0,4393.21,4393.21,4391.09,0.0,0.0,6.50,0,-1.20,0.70,-1.90,4763.60,63.60,STOP_LOSS
2026-09-08 16:51:46.479,1788886306.479,ORDER_FILLED,360287970300000548,360287970300000551,A,SELL,0.10,4393.35,4393.35,0.00,+0.0,4393.47,4393.47,4391.35,8.0,0.0,0.00,0,0.00,0.00,0.00,4763.60,63.60,INITIAL_FILL
2026-09-08 16:51:48.988,1788886308.988,POSITION_CLOSED_STOP_LOSS,360287970300000556,360287970300000551,A,SELL,0.10,4393.35,4393.35,4393.47,+0.0,4393.47,4393.47,4391.35,0.0,0.0,2.50,0,-1.20,0.70,-1.90,4761.70,61.70,STOP_LOSS
2026-09-08 16:59:21.423,1788886761.423,ORDER_FILLED,360287970300000557,360287970300000560,A,SELL,0.10,4393.24,4393.24,0.00,+0.0,4393.36,4393.36,4391.24,8.0,0.0,0.00,0,0.00,0.00,0.00,4761.70,61.70,INITIAL_FILL
2026-09-08 16:59:22.926,1788886762.927,POSITION_CLOSED_WIN_TP,360287970300000566,360287970300000560,A,SELL,0.10,4393.24,4393.24,4391.24,+0.0,4392.24,4392.24,4391.24,0.0,0.0,1.50,0,20.00,0.70,19.30,4781.00,81.00,WIN_TP
2026-09-08 17:05:32.090,1788887132.091,ORDER_FILLED,360287970300000569,360287970300000576,A,BUY,0.10,4402.94,4402.94,0.00,+0.0,4402.82,4402.82,4404.94,8.0,0.0,0.00,0,0.00,0.00,0.00,4781.00,81.00,INITIAL_FILL
2026-09-08 17:05:41.117,1788887141.117,POSITION_CLOSED_BE_PROTECTED,360287970300000579,360287970300000576,A,BUY,0.10,4402.94,4402.94,4403.05,+0.0,4403.05,4403.05,4404.94,0.0,0.0,9.00,0,1.10,0.70,0.40,4781.40,81.40,BE_PROTECTED
2026-09-08 17:10:23.010,1788887423.011,ORDER_FILLED,360287970300000583,360287970300000585,A,BUY,0.10,4398.16,4398.16,0.00,+0.0,4398.04,4398.04,4400.16,8.0,0.0,0.00,0,0.00,0.00,0.00,4781.40,81.40,INITIAL_FILL
2026-09-08 17:10:24.515,1788887424.516,POSITION_CLOSED_STOP_LOSS,360287970300000590,360287970300000585,A,BUY,0.10,4398.16,4398.16,4398.04,+0.0,4398.04,4398.04,4400.16,0.0,0.0,1.50,0,-1.20,0.70,-1.90,4779.50,79.50,STOP_LOSS
2026-09-08 17:15:20.466,1788887720.467,ORDER_FILLED,360287970300000595,360287970300000597,A,BUY,0.10,4396.20,4396.20,0.00,+0.0,4396.08,4396.08,4398.20,8.0,0.0,0.00,0,0.00,0.00,0.00,4779.50,79.50,INITIAL_FILL
2026-09-08 17:15:24.477,1788887724.477,POSITION_CLOSED_STOP_LOSS,360287970300000604,360287970300000597,A,BUY,0.10,4396.20,4396.20,4396.08,+0.0,4396.08,4396.08,4398.20,0.0,0.0,4.00,0,-1.20,0.70,-1.90,4777.60,77.60,STOP_LOSS
2026-09-08 17:20:57.035,1788888057.036,ORDER_FILLED,360287970300000611,360287970300000616,A,SELL,0.10,4394.39,4394.39,0.00,+0.0,4394.51,4394.51,4392.39,8.0,0.0,0.00,0,0.00,0.00,0.00,4777.60,77.60,INITIAL_FILL
2026-09-08 17:20:58.075,1788888058.075,POSITION_CLOSED_STOP_LOSS,360287970300000619,360287970300000616,A,SELL,0.10,4394.39,4394.39,4394.51,+0.0,4394.51,4394.51,4392.39,0.0,0.0,1.00,0,-1.20,0.70,-1.90,4775.70,75.70,STOP_LOSS
2026-09-08 17:25:20.337,1788888320.337,ORDER_FILLED,360287970300000627,360287970300000635,A,SELL,0.10,4393.05,4393.05,0.00,+0.0,4393.17,4393.17,4391.05,8.0,0.0,0.00,0,0.00,0.00,0.00,4775.70,75.70,INITIAL_FILL
2026-09-08 17:25:22.342,1788888322.343,POSITION_CLOSED_STOP_LOSS,360287970300000640,360287970300000635,A,SELL,0.10,4393.05,4393.05,4393.17,+0.0,4393.17,4393.17,4391.05,0.0,0.0,2.00,0,-1.20,0.70,-1.90,4773.80,73.80,STOP_LOSS
2026-09-08 17:31:32.909,1788888692.910,ORDER_FILLED,360287970300000643,360287970300000648,A,SELL,0.10,4394.60,4394.60,0.00,+0.0,4394.72,4394.72,4392.60,8.0,0.0,0.00,0,0.00,0.00,0.00,4773.80,73.80,INITIAL_FILL
2026-09-08 17:31:34.416,1788888694.416,POSITION_CLOSED_STOP_LOSS,360287970300000657,360287970300000648,A,SELL,0.10,4394.60,4394.60,4394.72,+0.0,4394.72,4394.72,4392.60,0.0,0.0,1.50,0,-1.20,0.70,-1.90,4771.90,71.90,STOP_LOSS
2026-09-08 17:35:24.600,1788888924.601,ORDER_FILLED,360287970300000662,360287970300000667,A,SELL,0.10,4391.07,4391.07,0.00,+0.0,4391.19,4391.19,4389.07,8.0,0.0,0.00,0,0.00,0.00,0.00,4771.90,71.90,INITIAL_FILL
2026-09-08 17:35:25.102,1788888925.103,POSITION_CLOSED_STOP_LOSS,360287970300000669,360287970300000667,A,SELL,0.10,4391.07,4391.07,4391.19,+0.0,4391.19,4391.19,4389.07,0.0,0.0,0.50,0,-1.20,0.70,-1.90,4770.00,70.00,STOP_LOSS
2026-09-08 17:40:42.551,1788889242.552,ORDER_FILLED,360287970300000670,360287970300000673,A,SELL,0.10,4388.01,4388.01,0.00,+0.0,4388.13,4388.13,4386.01,8.0,0.0,0.00,0,0.00,0.00,0.00,4770.00,70.00,INITIAL_FILL
2026-09-08 17:40:43.054,1788889243.055,POSITION_CLOSED_STOP_LOSS,360287970300000676,360287970300000673,A,SELL,0.10,4388.01,4388.01,4388.13,+0.0,4388.13,4388.13,4386.01,0.0,0.0,0.50,0,-1.20,0.70,-1.90,4768.10,68.10,STOP_LOSS
2026-09-08 17:47:30.730,1788889650.730,ORDER_FILLED,360287970300000677,360287970300000681,A,SELL,0.10,4386.56,4386.56,0.00,+0.0,4386.68,4386.68,4384.56,8.0,0.0,0.00,0,0.00,0.00,0.00,4768.10,68.10,INITIAL_FILL
2026-09-08 17:47:33.237,1788889653.238,POSITION_CLOSED_STOP_LOSS,360287970300000684,360287970300000681,A,SELL,0.10,4386.56,4386.56,4386.68,+0.0,4386.68,4386.68,4384.56,0.0,0.0,2.50,0,-1.20,0.70,-1.90,4766.20,66.20,STOP_LOSS
2026-09-08 17:51:27.436,1788889887.436,ORDER_FILLED,360287970300000690,360287970300000695,A,SELL,0.10,4387.33,4387.33,0.00,+0.0,4387.45,4387.45,4385.33,8.0,0.0,0.00,0,0.00,0.00,0.00,4766.20,66.20,INITIAL_FILL
2026-09-08 17:51:33.454,1788889893.454,POSITION_CLOSED_STOP_LOSS,360287970300000704,360287970300000695,A,SELL,0.10,4387.33,4387.33,4387.45,+0.0,4387.45,4387.45,4385.33,0.0,0.0,6.00,0,-1.20,0.70,-1.90,4764.30,64.30,STOP_LOSS
2026-09-08 17:55:20.119,1788890120.120,ORDER_FILLED,360287970300000710,360287970300000713,A,SELL,0.10,4388.52,4388.52,0.00,+0.0,4388.64,4388.64,4386.52,8.0,0.0,0.00,0,0.00,0.00,0.00,4764.30,64.30,INITIAL_FILL
2026-09-08 17:55:21.622,1788890121.622,POSITION_CLOSED_STOP_LOSS,360287970300000716,360287970300000713,A,SELL,0.10,4388.52,4388.52,4388.64,+0.0,4388.64,4388.64,4386.52,0.0,0.0,1.50,0,-1.20,0.70,-1.90,4762.40,62.40,STOP_LOSS
2026-09-08 18:00:20.506,1788890420.506,ORDER_FILLED,360287970300000717,360287970300000718,A,SELL,0.10,4389.52,4389.52,0.00,+0.0,4389.64,4389.64,4387.52,8.0,0.0,0.00,0,0.00,0.00,0.00,4762.40,62.40,INITIAL_FILL
2026-09-08 18:00:21.008,1788890421.008,POSITION_CLOSED_STOP_LOSS,360287970300000721,360287970300000718,A,SELL,0.10,4389.52,4389.52,4389.64,+0.0,4389.64,4389.64,4387.52,0.0,0.0,0.50,0,-1.20,0.70,-1.90,4760.50,60.50,STOP_LOSS
2026-09-08 18:06:27.051,1788890787.052,ORDER_FILLED,360287970300000723,360287970300000726,A,SELL,0.10,4387.30,4387.30,0.00,+0.0,4387.42,4387.42,4385.30,8.0,0.0,0.00,0,0.00,0.00,0.00,4760.50,60.50,INITIAL_FILL
2026-09-08 18:06:27.552,1788890787.553,POSITION_CLOSED_STOP_LOSS,360287970300000728,360287970300000726,A,SELL,0.10,4387.30,4387.30,4387.42,+0.0,4387.42,4387.42,4385.30,0.0,0.0,0.50,0,-1.20,0.70,-1.90,4758.60,58.60,STOP_LOSS
2026-09-08 18:10:20.258,1788891020.258,ORDER_FILLED,360287970300000730,360287970300000736,A,SELL,0.10,4384.28,4384.28,0.00,+0.0,4384.40,4384.40,4382.28,8.0,0.0,0.00,0,0.00,0.00,0.00,4758.60,58.60,INITIAL_FILL
2026-09-08 18:10:23.266,1788891023.266,POSITION_CLOSED_STOP_LOSS,360287970300000743,360287970300000736,A,SELL,0.10,4384.28,4384.28,4384.40,+0.0,4384.40,4384.40,4382.28,0.0,0.0,3.00,0,-1.20,0.70,-1.90,4756.70,56.70,STOP_LOSS
2026-09-08 18:15:20.151,1788891320.152,ORDER_FILLED,360287970300000744,360287970300000746,A,SELL,0.10,4385.87,4385.87,0.00,+0.0,4385.99,4385.99,4383.87,8.0,0.0,0.00,0,0.00,0.00,0.00,4756.70,56.70,INITIAL_FILL
2026-09-08 18:15:28.174,1788891328.175,POSITION_CLOSED_STOP_LOSS,360287970300000748,360287970300000746,A,SELL,0.10,4385.87,4385.87,4385.99,+0.0,4385.99,4385.99,4383.87,0.0,0.0,8.00,0,-1.20,0.70,-1.90,4754.80,54.80,STOP_LOSS
2026-09-08 18:21:20.247,1788891680.247,ORDER_FILLED,360287970300000756,360287970300000759,A,SELL,0.10,4384.89,4384.89,0.00,+0.0,4385.01,4385.01,4382.89,8.0,0.0,0.00,0,0.00,0.00,0.00,4754.80,54.80,INITIAL_FILL
2026-09-08 18:21:21.250,1788891681.251,POSITION_CLOSED_STOP_LOSS,360287970300000764,360287970300000759,A,SELL,0.10,4384.89,4384.89,4385.01,+0.0,4385.01,4385.01,4382.89,0.0,0.0,1.00,0,-1.20,0.70,-1.90,4752.90,52.90,STOP_LOSS
2026-09-08 18:25:36.586,1788891936.587,ORDER_FILLED,360287970300000768,360287970300000772,A,SELL,0.10,4384.74,4384.74,0.00,+0.0,4384.86,4384.86,4382.74,8.0,0.0,0.00,0,0.00,0.00,0.00,4752.90,52.90,INITIAL_FILL
2026-09-08 18:25:37.089,1788891937.090,POSITION_CLOSED_STOP_LOSS,360287970300000781,360287970300000772,A,SELL,0.10,4384.74,4384.74,4384.86,+0.0,4384.86,4384.86,4382.74,0.0,0.0,0.50,0,-1.20,0.70,-1.90,4751.00,51.00,STOP_LOSS
2026-09-08 18:30:20.017,1788892220.017,ORDER_FILLED,360287970300000789,360287970300000790,A,SELL,0.10,4384.26,4384.26,0.00,+0.0,4384.38,4384.38,4382.26,8.0,0.0,0.00,0,0.00,0.00,0.00,4751.00,51.00,INITIAL_FILL
2026-09-08 18:30:20.518,1788892220.519,POSITION_CLOSED_STOP_LOSS,360287970300000796,360287970300000790,A,SELL,0.10,4384.26,4384.26,4384.38,+0.0,4384.38,4384.38,4382.26,0.0,0.0,0.50,0,-1.20,0.70,-1.90,4749.10,49.10,STOP_LOSS
2026-09-08 18:35:20.041,1788892520.041,ORDER_FILLED,360287970300000803,360287970300000810,A,SELL,0.10,4383.71,4383.71,0.00,+0.0,4383.83,4383.83,4381.71,8.0,0.0,0.00,0,0.00,0.00,0.00,4749.10,49.10,INITIAL_FILL
2026-09-08 18:35:23.552,1788892523.552,POSITION_CLOSED_STOP_LOSS,360287970300000813,360287970300000810,A,SELL,0.10,4383.71,4383.71,4383.83,+0.0,4383.83,4383.83,4381.71,0.0,0.0,3.50,0,-1.20,0.70,-1.90,4747.20,47.20,STOP_LOSS
2026-09-08 18:40:20.090,1788892820.090,ORDER_FILLED,360287970300000819,360287970300000820,A,SELL,0.10,4383.98,4383.98,0.00,+0.0,4384.10,4384.10,4381.98,8.0,0.0,0.00,0,0.00,0.00,0.00,4747.20,47.20,INITIAL_FILL
2026-09-08 18:40:37.644,1788892837.644,POSITION_CLOSED_STOP_LOSS,360287970300000829,360287970300000820,A,SELL,0.10,4383.98,4383.98,4384.10,+0.0,4384.10,4384.10,4381.98,0.0,0.0,17.60,0,-1.20,0.70,-1.90,4745.30,45.30,STOP_LOSS
2026-09-08 18:45:27.094,1788893127.095,ORDER_FILLED,360287970300000833,360287970300000841,A,SELL,0.10,4385.06,4385.06,0.00,+0.0,4385.18,4385.18,4383.06,8.0,0.0,0.00,0,0.00,0.00,0.00,4745.30,45.30,INITIAL_FILL
2026-09-08 18:45:27.598,1788893127.598,POSITION_CLOSED_STOP_LOSS,360287970300000849,360287970300000841,A,SELL,0.10,4385.06,4385.06,4385.18,+0.0,4385.18,4385.18,4383.06,0.0,0.0,0.50,0,-1.20,0.70,-1.90,4743.40,43.40,STOP_LOSS
2026-09-08 18:50:20.188,1788893420.189,ORDER_FILLED,360287970300000853,360287970300000854,A,SELL,0.10,4364.08,4364.08,0.00,+0.0,4364.20,4364.20,4362.08,8.0,0.0,0.00,0,0.00,0.00,0.00,4743.40,43.40,INITIAL_FILL
2026-09-08 18:50:22.194,1788893422.195,POSITION_CLOSED_STOP_LOSS,360287970300000863,360287970300000854,A,SELL,0.10,4364.08,4364.08,4364.20,+0.0,4364.20,4364.20,4362.08,0.0,0.0,2.00,0,-1.20,0.70,-1.90,4741.50,41.50,STOP_LOSS
2026-09-08 18:55:47.339,1788893747.339,ORDER_FILLED,360287970300000871,360287970300000878,A,SELL,0.10,4375.73,4375.73,0.00,+0.0,4375.85,4375.85,4373.73,8.0,0.0,0.00,0,0.00,0.00,0.00,4741.50,41.50,INITIAL_FILL
2026-09-08 18:55:47.841,1788893747.841,POSITION_CLOSED_STOP_LOSS,360287970300000880,360287970300000878,A,SELL,0.10,4375.73,4375.73,4375.85,+0.0,4375.85,4375.85,4373.73,0.0,0.0,0.50,0,-1.20,0.70,-1.90,4739.60,39.60,STOP_LOSS
2026-09-08 19:00:30.362,1788894030.362,ORDER_FILLED,360287970300000888,360287970300000894,A,SELL,0.10,4374.35,4374.35,0.00,+0.0,4374.47,4374.47,4372.35,8.0,0.0,0.00,0,0.00,0.00,0.00,4739.60,39.60,INITIAL_FILL
2026-09-08 19:00:31.364,1788894031.365,POSITION_CLOSED_STOP_LOSS,360287970300000899,360287970300000894,A,SELL,0.10,4374.35,4374.35,4374.47,+0.0,4374.47,4374.47,4372.35,0.0,0.0,1.00,0,-1.20,0.70,-1.90,4737.70,37.70,STOP_LOSS
2026-09-08 19:05:20.377,1788894320.377,ORDER_FILLED,360287970300000908,360287970300000915,A,SELL,0.10,4373.67,4373.67,0.00,+0.0,4373.79,4373.79,4371.67,8.0,0.0,0.00,0,0.00,0.00,0.00,4737.70,37.70,INITIAL_FILL
2026-09-08 19:05:21.380,1788894321.380,POSITION_CLOSED_STOP_LOSS,360287970300000916,360287970300000915,A,SELL,0.10,4373.67,4373.67,4373.79,+0.0,4373.79,4373.79,4371.67,0.0,0.0,1.00,0,-1.20,0.70,-1.90,4735.80,35.80,STOP_LOSS
2026-09-08 19:10:24.506,1788894624.507,ORDER_FILLED,360287970300000918,360287970300000927,A,SELL,0.10,4371.18,4371.18,0.00,+0.0,4371.30,4371.30,4369.18,8.0,0.0,0.00,0,0.00,0.00,0.00,4735.80,35.80,INITIAL_FILL
2026-09-08 19:10:25.009,1788894625.010,POSITION_CLOSED_STOP_LOSS,360287970300000932,360287970300000927,A,SELL,0.10,4371.18,4371.18,4371.30,+0.0,4371.30,4371.30,4369.18,0.0,0.0,0.50,0,-1.20,0.70,-1.90,4733.90,33.90,STOP_LOSS
2026-09-08 19:15:42.270,1788894942.270,ORDER_FILLED,360287970300000933,360287970300000941,A,SELL,0.10,4370.27,4370.27,0.00,+0.0,4370.39,4370.39,4368.27,8.0,0.0,0.00,0,0.00,0.00,0.00,4733.90,33.90,INITIAL_FILL
2026-09-08 19:15:46.783,1788894946.784,POSITION_CLOSED_STOP_LOSS,360287970300000949,360287970300000941,A,SELL,0.10,4370.27,4370.27,4370.39,+0.0,4370.39,4370.39,4368.27,0.0,0.0,4.50,0,-1.20,0.70,-1.90,4732.00,32.00,STOP_LOSS
2026-09-08 19:21:22.009,1788895282.009,ORDER_FILLED,360287970300000957,360287970300000964,A,SELL,0.10,4368.79,4368.79,0.00,+0.0,4368.91,4368.91,4366.79,8.0,0.0,0.00,0,0.00,0.00,0.00,4732.00,32.00,INITIAL_FILL
2026-09-08 19:21:22.512,1788895282.512,POSITION_CLOSED_STOP_LOSS,360287970300000971,360287970300000964,A,SELL,0.10,4368.79,4368.79,4368.91,+0.0,4368.91,4368.91,4366.79,0.0,0.0,0.50,0,-1.20,0.70,-1.90,4730.10,30.10,STOP_LOSS
2026-09-08 19:26:20.200,1788895580.201,ORDER_FILLED,360287970300000976,360287970300000983,A,SELL,0.10,4367.46,4367.46,0.00,+0.0,4367.58,4367.58,4365.46,8.0,0.0,0.00,0,0.00,0.00,0.00,4730.10,30.10,INITIAL_FILL
2026-09-08 19:26:30.732,1788895590.733,POSITION_CLOSED_BE_PROTECTED,360287970300000992,360287970300000983,A,SELL,0.10,4367.46,4367.46,4367.35,+0.0,4367.35,4367.35,4365.46,0.0,0.0,10.50,0,1.10,0.70,0.40,4730.50,30.50,BE_PROTECTED
2026-09-08 19:30:20.426,1788895820.427,ORDER_FILLED,360287970300000996,360287970300000998,A,SELL,0.10,4366.83,4366.83,0.00,+0.0,4366.95,4366.95,4364.83,8.0,0.0,0.00,0,0.00,0.00,0.00,4730.50,30.50,INITIAL_FILL
2026-09-08 19:30:39.986,1788895839.987,POSITION_CLOSED_RATCHET_WIN,360287970300001003,360287970300000998,A,SELL,0.10,4366.83,4366.83,4366.33,+0.0,4366.33,4366.33,4364.83,0.0,0.0,19.60,0,5.00,0.70,4.30,4734.80,34.80,RATCHET_WIN
2026-09-08 19:39:20.175,1788896360.175,ORDER_FILLED,360287970300001012,360287970300001016,A,SELL,0.10,4368.22,4368.22,0.00,+0.0,4368.34,4368.34,4366.22,8.0,0.0,0.00,0,0.00,0.00,0.00,4734.80,34.80,INITIAL_FILL
2026-09-08 19:39:34.216,1788896374.217,POSITION_CLOSED_STOP_LOSS,360287970300001022,360287970300001016,A,SELL,0.10,4368.22,4368.22,4368.34,+0.0,4368.34,4368.34,4366.22,0.0,0.0,14.00,0,-1.20,0.70,-1.90,4732.90,32.90,STOP_LOSS
2026-09-08 19:40:21.861,1788896421.862,ORDER_FILLED,360287970300001028,360287970300001032,A,SELL,0.10,4366.99,4366.99,0.00,+0.0,4367.11,4367.11,4364.99,8.0,0.0,0.00,0,0.00,0.00,0.00,4732.90,32.90,INITIAL_FILL
2026-09-08 19:40:30.385,1788896430.386,POSITION_CLOSED_STOP_LOSS,360287970300001040,360287970300001032,A,SELL,0.10,4366.99,4366.99,4367.11,+0.0,4367.11,4367.11,4364.99,0.0,0.0,8.50,0,-1.20,0.70,-1.90,4731.00,31.00,STOP_LOSS
2026-09-08 19:45:20.229,1788896720.230,ORDER_FILLED,360287970300001041,360287970300001044,A,SELL,0.10,4367.38,4367.38,0.00,+0.0,4367.50,4367.50,4365.38,8.0,0.0,0.00,0,0.00,0.00,0.00,4731.00,31.00,INITIAL_FILL
2026-09-08 19:45:21.733,1788896721.734,POSITION_CLOSED_STOP_LOSS,360287970300001050,360287970300001044,A,SELL,0.10,4367.38,4367.38,4367.50,+0.0,4367.50,4367.50,4365.38,0.0,0.0,1.50,0,-1.20,0.70,-1.90,4729.10,29.10,STOP_LOSS
2026-09-08 19:50:20.716,1788897020.717,ORDER_FILLED,360287970300001056,360287970300001063,A,SELL,0.10,4362.28,4362.28,0.00,+0.0,4362.40,4362.40,4360.28,8.0,0.0,0.00,0,0.00,0.00,0.00,4729.10,29.10,INITIAL_FILL
2026-09-08 19:50:21.221,1788897021.221,POSITION_CLOSED_STOP_LOSS,360287970300001064,360287970300001063,A,SELL,0.10,4362.28,4362.28,4362.40,+0.0,4362.40,4362.40,4360.28,0.0,0.0,0.50,0,-1.20,0.70,-1.90,4727.20,27.20,STOP_LOSS
2026-09-08 19:55:20.157,1788897320.157,ORDER_FILLED,360287970300001072,360287970300001075,A,SELL,0.10,4361.25,4361.25,0.00,+0.0,4361.37,4361.37,4359.25,8.0,0.0,0.00,0,0.00,0.00,0.00,4727.20,27.20,INITIAL_FILL
2026-09-08 19:55:23.670,1788897323.670,POSITION_CLOSED_STOP_LOSS,360287970300001082,360287970300001075,A,SELL,0.10,4361.25,4361.25,4361.37,+0.0,4361.37,4361.37,4359.25,0.0,0.0,3.50,0,-1.20,0.70,-1.90,4725.30,25.30,STOP_LOSS
2026-09-08 20:01:47.371,1788897707.372,ORDER_FILLED,360287970300001083,360287970300001088,A,SELL,0.10,4361.66,4361.66,0.00,+0.0,4361.78,4361.78,4359.66,8.0,0.0,0.00,0,0.00,0.00,0.00,4725.30,25.30,INITIAL_FILL
2026-09-08 20:02:03.373,1788897723.373,POSITION_CLOSED_RATCHET_WIN,360287970300001093,360287970300001088,A,SELL,0.10,4361.66,4361.66,4361.16,+0.0,4361.16,4361.16,4359.66,0.0,0.0,16.00,0,5.00,0.70,4.30,4729.60,29.60,RATCHET_WIN
2026-09-08 20:06:20.152,1788897980.152,ORDER_FILLED,360287970300001102,360287970300001104,A,SELL,0.10,4357.33,4357.33,0.00,+0.0,4357.45,4357.45,4355.33,8.0,0.0,0.00,0,0.00,0.00,0.00,4729.60,29.60,INITIAL_FILL
2026-09-08 20:06:20.654,1788897980.654,POSITION_CLOSED_STOP_LOSS,360287970300001113,360287970300001104,A,SELL,0.10,4357.33,4357.33,4357.45,+0.0,4357.45,4357.45,4355.33,0.0,0.0,0.50,0,-1.20,0.70,-1.90,4727.70,27.70,STOP_LOSS
2026-09-08 20:10:20.400,1788898220.401,ORDER_FILLED,360287970300001118,360287970300001122,A,SELL,0.10,4357.10,4357.10,0.00,+0.0,4357.22,4357.22,4355.10,8.0,0.0,0.00,0,0.00,0.00,0.00,4727.70,27.70,INITIAL_FILL
2026-09-08 20:10:31.430,1788898231.431,POSITION_CLOSED_STOP_LOSS,360287970300001124,360287970300001122,A,SELL,0.10,4357.10,4357.10,4357.22,+0.0,4357.22,4357.22,4355.10,0.0,0.0,11.00,0,-1.20,0.70,-1.90,4725.80,25.80,STOP_LOSS
2026-09-08 20:15:33.378,1788898533.378,ORDER_FILLED,360287970300001128,360287970300001136,A,SELL,0.10,4359.99,4359.99,0.00,+0.0,4360.11,4360.11,4357.99,8.0,0.0,0.00,0,0.00,0.00,0.00,4725.80,25.80,INITIAL_FILL
2026-09-08 20:15:46.921,1788898546.921,POSITION_CLOSED_STOP_LOSS,360287970300001142,360287970300001136,A,SELL,0.10,4359.99,4359.99,4360.11,+0.0,4360.11,4360.11,4357.99,0.0,0.0,13.50,0,-1.20,0.70,-1.90,4723.90,23.90,STOP_LOSS
2026-09-08 20:20:20.300,1788898820.301,ORDER_FILLED,360287970300001144,360287970300001148,A,SELL,0.10,4360.81,4360.81,0.00,+0.0,4360.93,4360.93,4358.81,8.0,0.0,0.00,0,0.00,0.00,0.00,4723.90,23.90,INITIAL_FILL
2026-09-08 20:20:26.820,1788898826.820,POSITION_CLOSED_STOP_LOSS,360287970300001157,360287970300001148,A,SELL,0.10,4360.81,4360.81,4360.93,+0.0,4360.93,4360.93,4358.81,0.0,0.0,6.50,0,-1.20,0.70,-1.90,4722.00,22.00,STOP_LOSS
