t,o,h,l,c,v,datetime_utc,datetime_est
1788472800000,4470.83,4477.68,4470.83,4476.39,1413.0,2026-09-03 22:00:00+00:00,2026-09-03 18:00:00+00:00
1788473100000,4476.35,4477.32,4475.47,4475.75,567.0,2026-09-03 22:05:00+00:00,2026-09-03 18:05:00+00:00
1788473400000,4475.73,4478.38,4474.37,4478.2,896.0,2026-09-03 22:10:00+00:00,2026-09-03 18:10:00+00:00
1788473700000,4478.15,4478.76,4476.44,4476.65,788.0,2026-09-03 22:15:00+00:00,2026-09-03 18:15:00+00:00
1788474000000,4476.64,4476.8,4474.87,4474.96,589.0,2026-09-03 22:20:00+00:00,2026-09-03 18:20:00+00:00
1788474300000,4474.96,4475.69,4474.22,4474.99,600.0,2026-09-03 22:25:00+00:00,2026-09-03 18:25:00+00:00
1788474600000,4474.93,4476.6,4474.19,4474.85,698.0,2026-09-03 22:30:00+00:00,2026-09-03 18:30:00+00:00
1788474900000,4474.85,4474.93,4472.78,4472.81,761.0,2026-09-03 22:35:00+00:00,2026-09-03 18:35:00+00:00
1788475200000,4472.81,4476.42,4472.77,4473.89,832.0,2026-09-03 22:40:00+00:00,2026-09-03 18:40:00+00:00
1788475500000,4473.88,4474.95,4471.45,4474.41,928.0,2026-09-03 22:45:00+00:00,2026-09-03 18:45:00+00:00
1788475800000,4474.39,4475.89,4471.99,4474.57,1213.0,2026-09-03 22:50:00+00:00,2026-09-03 18:50:00+00:00
1788476100000,4474.59,4475.27,4473.68,4474.55,506.0,2026-09-03 22:55:00+00:00,2026-09-03 18:55:00+00:00
1788476400000,4474.52,4476.7,4474.44,4476.58,628.0,2026-09-03 23:00:00+00:00,2026-09-03 19:00:00+00:00
1788476700000,4476.58,4477.68,4472.59,4475.87,914.0,2026-09-03 23:05:00+00:00,2026-09-03 19:05:00+00:00
1788477000000,4475.88,4476.16,4473.92,4474.26,529.0,2026-09-03 23:10:00+00:00,2026-09-03 19:10:00+00:00
1788477300000,4474.27,4475.13,4471.72,4473.46,781.0,2026-09-03 23:15:00+00:00,2026-09-03 19:15:00+00:00
1788477600000,4473.46,4473.46,4472.09,4472.37,659.0,2026-09-03 23:20:00+00:00,2026-09-03 19:20:00+00:00
1788477900000,4472.37,4474.61,4472.29,4473.86,619.0,2026-09-03 23:25:00+00:00,2026-09-03 19:25:00+00:00
1788478200000,4473.88,4476.17,4473.64,4474.87,855.0,2026-09-03 23:30:00+00:00,2026-09-03 19:30:00+00:00
1788478500000,4474.86,4478.29,4474.81,4477.88,756.0,2026-09-03 23:35:00+00:00,2026-09-03 19:35:00+00:00
1788478800000,4477.88,4478.35,4476.68,4477.4,557.0,2026-09-03 23:40:00+00:00,2026-09-03 19:40:00+00:00
1788479100000,4477.39,4477.39,4475.01,4475.08,862.0,2026-09-03 23:45:00+00:00,2026-09-03 19:45:00+00:00
1788479400000,4475.1,4479.53,4475.05,4477.24,1186.0,2026-09-03 23:50:00+00:00,2026-09-03 19:50:00+00:00
1788479700000,4477.25,4480.36,4477.25,4480.12,1021.0,2026-09-03 23:55:00+00:00,2026-09-03 19:55:00+00:00
1788480000000,4480.12,4481.07,4478.28,4481.05,1689.0,2026-09-04 00:00:00+00:00,2026-09-03 20:00:00+00:00
1788480300000,4481.06,4483.08,4479.75,4480.08,1825.0,2026-09-04 00:05:00+00:00,2026-09-03 20:05:00+00:00
1788480600000,4480.07,4483.3,4479.55,4480.89,1465.0,2026-09-04 00:10:00+00:00,2026-09-03 20:10:00+00:00
1788480900000,4480.86,4481.03,4476.55,4477.1,1310.0,2026-09-04 00:15:00+00:00,2026-09-03 20:15:00+00:00
1788481200000,4477.1,4479.77,4476.4,4477.84,1345.0,2026-09-04 00:20:00+00:00,2026-09-03 20:20:00+00:00
1788481500000,4477.81,4477.82,4474.31,4474.58,1387.0,2026-09-04 00:25:00+00:00,2026-09-03 20:25:00+00:00
1788481800000,4474.57,4479.54,4472.74,4479.34,1632.0,2026-09-04 00:30:00+00:00,2026-09-03 20:30:00+00:00
1788482100000,4479.34,4479.53,4476.2,4476.27,1272.0,2026-09-04 00:35:00+00:00,2026-09-03 20:35:00+00:00
1788482400000,4476.32,4482.22,4475.96,4482.22,1527.0,2026-09-04 00:40:00+00:00,2026-09-03 20:40:00+00:00
1788482700000,4482.22,4485.03,4481.4,4481.4,1519.0,2026-09-04 00:45:00+00:00,2026-09-03 20:45:00+00:00
1788483000000,4481.41,4484.3,4480.79,4482.03,1615.0,2026-09-04 00:50:00+00:00,2026-09-03 20:50:00+00:00
1788483300000,4482.06,4487.25,4481.67,4486.37,1763.0,2026-09-04 00:55:00+00:00,2026-09-03 20:55:00+00:00
1788483600000,4486.42,4487.39,4478.01,4478.17,4103.0,2026-09-04 01:00:00+00:00,2026-09-03 21:00:00+00:00
1788483900000,4478.04,4480.06,4475.17,4477.95,2826.0,2026-09-04 01:05:00+00:00,2026-09-03 21:05:00+00:00
1788484200000,4477.88,4483.06,4474.44,4474.92,2281.0,2026-09-04 01:10:00+00:00,2026-09-03 21:10:00+00:00
1788484500000,4474.92,4478.96,4474.47,4475.83,2556.0,2026-09-04 01:15:00+00:00,2026-09-03 21:15:00+00:00
1788484800000,4475.88,4478.95,4474.61,4474.81,2478.0,2026-09-04 01:20:00+00:00,2026-09-03 21:20:00+00:00
1788485100000,4474.77,4475.95,4467.97,4470.99,2890.0,2026-09-04 01:25:00+00:00,2026-09-03 21:25:00+00:00
1788485400000,4470.99,4472.99,4469.18,4469.8,2798.0,2026-09-04 01:30:00+00:00,2026-09-03 21:30:00+00:00
1788485700000,4469.81,4476.81,4468.2,4473.48,2460.0,2026-09-04 01:35:00+00:00,2026-09-03 21:35:00+00:00
1788486000000,4473.49,4476.88,4471.08,4473.98,2287.0,2026-09-04 01:40:00+00:00,2026-09-03 21:40:00+00:00
1788486300000,4473.94,4473.97,4467.06,4468.8,2172.0,2026-09-04 01:45:00+00:00,2026-09-03 21:45:00+00:00
1788486600000,4468.79,4473.96,4468.1,4473.61,1976.0,2026-09-04 01:50:00+00:00,2026-09-03 21:50:00+00:00
1788486900000,4473.6,4480.57,4473.54,4478.89,2132.0,2026-09-04 01:55:00+00:00,2026-09-03 21:55:00+00:00
1788487200000,4478.94,4482.64,4478.51,4480.75,1899.0,2026-09-04 02:00:00+00:00,2026-09-03 22:00:00+00:00
1788487500000,4480.7,4480.86,4477.59,4478.76,1671.0,2026-09-04 02:05:00+00:00,2026-09-03 22:05:00+00:00
1788487800000,4478.8,4480.31,4477.25,4479.46,1741.0,2026-09-04 02:10:00+00:00,2026-09-03 22:10:00+00:00
1788488100000,4479.39,4480.3,4477.15,4478.56,1163.0,2026-09-04 02:15:00+00:00,2026-09-03 22:15:00+00:00
1788488400000,4478.59,4478.61,4473.97,4477.12,1267.0,2026-09-04 02:20:00+00:00,2026-09-03 22:20:00+00:00
1788488700000,4477.14,4477.67,4471.59,4473.98,1593.0,2026-09-04 02:25:00+00:00,2026-09-03 22:25:00+00:00
1788489000000,4473.97,4476.06,4470.96,4471.04,2813.0,2026-09-04 02:30:00+00:00,2026-09-03 22:30:00+00:00
1788489300000,4471.04,4477.32,4470.37,4476.54,1779.0,2026-09-04 02:35:00+00:00,2026-09-03 22:35:00+00:00
1788489600000,4476.56,4477.33,4470.93,4470.96,1935.0,2026-09-04 02:40:00+00:00,2026-09-03 22:40:00+00:00
1788489900000,4470.92,4476.07,4470.28,4475.99,1667.0,2026-09-04 02:45:00+00:00,2026-09-03 22:45:00+00:00
1788490200000,4476.01,4479.55,4475.35,4479.55,1712.0,2026-09-04 02:50:00+00:00,2026-09-03 22:50:00+00:00
1788490500000,4479.57,4480.94,4475.97,4477.51,1554.0,2026-09-04 02:55:00+00:00,2026-09-03 22:55:00+00:00
1788490800000,4477.52,4478.75,4475.77,4476.17,1634.0,2026-09-04 03:00:00+00:00,2026-09-03 23:00:00+00:00
1788491100000,4476.16,4476.18,4471.57,4471.99,1800.0,2026-09-04 03:05:00+00:00,2026-09-03 23:05:00+00:00
1788491400000,4471.86,4473.58,4470.29,4473.42,1388.0,2026-09-04 03:10:00+00:00,2026-09-03 23:10:00+00:00
1788491700000,4473.45,4474.29,4471.47,4473.0,1233.0,2026-09-04 03:15:00+00:00,2026-09-03 23:15:00+00:00
1788492000000,4472.96,4474.66,4472.11,4473.77,1415.0,2026-09-04 03:20:00+00:00,2026-09-03 23:20:00+00:00
1788492300000,4473.78,4474.49,4471.89,4472.47,1282.0,2026-09-04 03:25:00+00:00,2026-09-03 23:25:00+00:00
1788492600000,4472.48,4475.3,4472.24,4474.82,1458.0,2026-09-04 03:30:00+00:00,2026-09-03 23:30:00+00:00
1788492900000,4474.82,4474.98,4472.57,4472.91,825.0,2026-09-04 03:35:00+00:00,2026-09-03 23:35:00+00:00
1788493200000,4472.9,4473.24,4469.21,4469.4,1171.0,2026-09-04 03:40:00+00:00,2026-09-03 23:40:00+00:00
1788493500000,4469.36,4470.11,4469.04,4469.32,1046.0,2026-09-04 03:45:00+00:00,2026-09-03 23:45:00+00:00
1788493800000,4469.34,4470.15,4467.63,4469.55,1130.0,2026-09-04 03:50:00+00:00,2026-09-03 23:50:00+00:00
1788494100000,4469.56,4469.95,4467.07,4467.08,836.0,2026-09-04 03:55:00+00:00,2026-09-03 23:55:00+00:00
1788494400000,4467.07,4469.33,4465.53,4468.9,1745.0,2026-09-04 04:00:00+00:00,2026-09-04 00:00:00+00:00
1788494700000,4468.9,4469.85,4467.35,4468.17,1070.0,2026-09-04 04:05:00+00:00,2026-09-04 00:05:00+00:00
1788495000000,4468.17,4470.08,4467.61,4469.3,1056.0,2026-09-04 04:10:00+00:00,2026-09-04 00:10:00+00:00
1788495300000,4469.28,4469.7,4468.44,4469.6,813.0,2026-09-04 04:15:00+00:00,2026-09-04 00:15:00+00:00
1788495600000,4469.58,4470.43,4468.67,4470.15,814.0,2026-09-04 04:20:00+00:00,2026-09-04 00:20:00+00:00
1788495900000,4470.16,4472.41,4469.04,4471.68,988.0,2026-09-04 04:25:00+00:00,2026-09-04 00:25:00+00:00
1788496200000,4471.69,4474.74,4471.67,4472.32,1249.0,2026-09-04 04:30:00+00:00,2026-09-04 00:30:00+00:00
1788496500000,4472.31,4474.88,4471.93,4474.41,879.0,2026-09-04 04:35:00+00:00,2026-09-04 00:35:00+00:00
1788496800000,4474.35,4474.87,4473.46,4473.86,807.0,2026-09-04 04:40:00+00:00,2026-09-04 00:40:00+00:00
1788497100000,4473.81,4474.49,4472.76,4473.42,874.0,2026-09-04 04:45:00+00:00,2026-09-04 00:45:00+00:00
1788497400000,4473.43,4474.99,4473.43,4474.38,666.0,2026-09-04 04:50:00+00:00,2026-09-04 00:50:00+00:00
1788497700000,4474.42,4474.62,4473.7,4473.77,688.0,2026-09-04 04:55:00+00:00,2026-09-04 00:55:00+00:00
1788498000000,4473.78,4474.6,4470.86,4470.86,1291.0,2026-09-04 05:00:00+00:00,2026-09-04 01:00:00+00:00
1788498300000,4470.85,4471.97,4468.51,4469.24,1165.0,2026-09-04 05:05:00+00:00,2026-09-04 01:05:00+00:00
1788498600000,4469.25,4469.64,4467.4,4469.5,1136.0,2026-09-04 05:10:00+00:00,2026-09-04 01:10:00+00:00
1788498900000,4469.48,4475.28,4468.78,4473.91,1250.0,2026-09-04 05:15:00+00:00,2026-09-04 01:15:00+00:00
1788499200000,4473.92,4474.26,4470.29,4471.04,1207.0,2026-09-04 05:20:00+00:00,2026-09-04 01:20:00+00:00
1788499500000,4471.05,4471.31,4467.5,4467.58,1243.0,2026-09-04 05:25:00+00:00,2026-09-04 01:25:00+00:00
1788499800000,4467.58,4475.12,4466.83,4473.15,2938.0,2026-09-04 05:30:00+00:00,2026-09-04 01:30:00+00:00
1788500100000,4473.16,4476.95,4469.2,4476.41,2052.0,2026-09-04 05:35:00+00:00,2026-09-04 01:35:00+00:00
1788500400000,4476.47,4477.63,4470.53,4471.16,1925.0,2026-09-04 05:40:00+00:00,2026-09-04 01:40:00+00:00
1788500700000,4471.16,4472.89,4470.68,4470.76,1708.0,2026-09-04 05:45:00+00:00,2026-09-04 01:45:00+00:00
1788501000000,4470.77,4470.81,4467.29,4467.57,1833.0,2026-09-04 05:50:00+00:00,2026-09-04 01:50:00+00:00
1788501300000,4467.56,4472.18,4467.26,4472.09,1611.0,2026-09-04 05:55:00+00:00,2026-09-04 01:55:00+00:00
1788501600000,4472.09,4473.39,4469.14,4470.85,2418.0,2026-09-04 06:00:00+00:00,2026-09-04 02:00:00+00:00
1788501900000,4470.86,4471.95,4468.05,4469.71,2070.0,2026-09-04 06:05:00+00:00,2026-09-04 02:05:00+00:00
1788502200000,4469.71,4471.67,4466.72,4468.94,2241.0,2026-09-04 06:10:00+00:00,2026-09-04 02:10:00+00:00
1788502500000,4468.94,4469.34,4467.3,4468.9,1682.0,2026-09-04 06:15:00+00:00,2026-09-04 02:15:00+00:00
1788502800000,4468.91,4471.63,4466.75,4468.07,1878.0,2026-09-04 06:20:00+00:00,2026-09-04 02:20:00+00:00
1788503100000,4468.04,4471.88,4467.89,4468.91,1912.0,2026-09-04 06:25:00+00:00,2026-09-04 02:25:00+00:00
1788503400000,4468.92,4469.8,4464.56,4464.91,2375.0,2026-09-04 06:30:00+00:00,2026-09-04 02:30:00+00:00
1788503700000,4464.93,4466.51,4463.18,4466.23,2352.0,2026-09-04 06:35:00+00:00,2026-09-04 02:35:00+00:00
1788504000000,4466.24,4468.59,4464.04,4464.23,2121.0,2026-09-04 06:40:00+00:00,2026-09-04 02:40:00+00:00
1788504300000,4464.21,4464.34,4461.52,4461.83,2350.0,2026-09-04 06:45:00+00:00,2026-09-04 02:45:00+00:00
1788504600000,4461.83,4464.49,4461.4,4462.63,2091.0,2026-09-04 06:50:00+00:00,2026-09-04 02:50:00+00:00
1788504900000,4462.63,4463.6,4460.27,4463.05,2100.0,2026-09-04 06:55:00+00:00,2026-09-04 02:55:00+00:00
1788505200000,4463.01,4467.77,4461.6,4466.46,2678.0,2026-09-04 07:00:00+00:00,2026-09-04 03:00:00+00:00
1788505500000,4466.48,4469.28,4465.06,4468.69,2123.0,2026-09-04 07:05:00+00:00,2026-09-04 03:05:00+00:00
1788505800000,4468.72,4471.53,4467.88,4467.88,2055.0,2026-09-04 07:10:00+00:00,2026-09-04 03:10:00+00:00
1788506100000,4467.89,4469.01,4466.74,4468.87,1634.0,2026-09-04 07:15:00+00:00,2026-09-04 03:15:00+00:00
1788506400000,4468.88,4470.01,4466.87,4469.66,1548.0,2026-09-04 07:20:00+00:00,2026-09-04 03:20:00+00:00
1788506700000,4469.63,4472.85,4468.16,4472.72,1665.0,2026-09-04 07:25:00+00:00,2026-09-04 03:25:00+00:00
1788507000000,4472.74,4475.53,4472.74,4474.92,1900.0,2026-09-04 07:30:00+00:00,2026-09-04 03:30:00+00:00
1788507300000,4474.78,4476.47,4474.28,4475.14,1744.0,2026-09-04 07:35:00+00:00,2026-09-04 03:35:00+00:00
1788507600000,4475.19,4486.46,4474.76,4485.79,2395.0,2026-09-04 07:40:00+00:00,2026-09-04 03:40:00+00:00
1788507900000,4485.79,4490.83,4484.77,4488.08,2319.0,2026-09-04 07:45:00+00:00,2026-09-04 03:45:00+00:00
1788508200000,4488.07,4488.1,4482.67,4484.7,1859.0,2026-09-04 07:50:00+00:00,2026-09-04 03:50:00+00:00
1788508500000,4484.7,4486.62,4481.47,4483.52,2204.0,2026-09-04 07:55:00+00:00,2026-09-04 03:55:00+00:00
1788508800000,4483.53,4486.54,4483.28,4483.78,2423.0,2026-09-04 08:00:00+00:00,2026-09-04 04:00:00+00:00
1788509100000,4483.78,4483.94,4480.43,4480.94,2097.0,2026-09-04 08:05:00+00:00,2026-09-04 04:05:00+00:00
1788509400000,4480.95,4483.99,4479.32,4482.11,1996.0,2026-09-04 08:10:00+00:00,2026-09-04 04:10:00+00:00
1788509700000,4482.11,4484.12,4481.32,4482.64,1864.0,2026-09-04 08:15:00+00:00,2026-09-04 04:15:00+00:00
1788510000000,4482.64,4484.14,4480.12,4480.24,1621.0,2026-09-04 08:20:00+00:00,2026-09-04 04:20:00+00:00
1788510300000,4480.18,4482.44,4479.63,4481.1,1781.0,2026-09-04 08:25:00+00:00,2026-09-04 04:25:00+00:00
1788510600000,4481.13,4482.52,4478.08,4480.75,1929.0,2026-09-04 08:30:00+00:00,2026-09-04 04:30:00+00:00
1788510900000,4480.73,4481.56,4477.72,4478.57,1762.0,2026-09-04 08:35:00+00:00,2026-09-04 04:35:00+00:00
1788511200000,4478.56,4479.12,4477.48,4477.6,1611.0,2026-09-04 08:40:00+00:00,2026-09-04 04:40:00+00:00
1788511500000,4477.59,4478.6,4474.84,4474.92,1498.0,2026-09-04 08:45:00+00:00,2026-09-04 04:45:00+00:00
1788511800000,4474.93,4477.42,4474.5,4476.86,1466.0,2026-09-04 08:50:00+00:00,2026-09-04 04:50:00+00:00
1788512100000,4476.86,4479.79,4476.85,4477.87,1313.0,2026-09-04 08:55:00+00:00,2026-09-04 04:55:00+00:00
1788512400000,4477.86,4479.24,4476.59,4478.32,1712.0,2026-09-04 09:00:00+00:00,2026-09-04 05:00:00+00:00
1788512700000,4478.31,4478.35,4473.92,4475.1,1377.0,2026-09-04 09:05:00+00:00,2026-09-04 05:05:00+00:00
1788513000000,4475.09,4475.1,4469.05,4470.08,1673.0,2026-09-04 09:10:00+00:00,2026-09-04 05:10:00+00:00
1788513300000,4470.07,4470.7,4466.87,4466.99,2004.0,2026-09-04 09:15:00+00:00,2026-09-04 05:15:00+00:00
1788513600000,4466.94,4467.47,4464.09,4464.54,2136.0,2026-09-04 09:20:00+00:00,2026-09-04 05:20:00+00:00
1788513900000,4464.55,4466.7,4463.89,4466.7,1875.0,2026-09-04 09:25:00+00:00,2026-09-04 05:25:00+00:00
1788514200000,4466.71,4470.23,4464.63,4467.16,2445.0,2026-09-04 09:30:00+00:00,2026-09-04 05:30:00+00:00
1788514500000,4467.16,4469.75,4466.52,4467.87,1681.0,2026-09-04 09:35:00+00:00,2026-09-04 05:35:00+00:00
1788514800000,4467.87,4468.58,4465.9,4467.31,1455.0,2026-09-04 09:40:00+00:00,2026-09-04 05:40:00+00:00
1788515100000,4467.31,4469.68,4467.31,4469.22,1469.0,2026-09-04 09:45:00+00:00,2026-09-04 05:45:00+00:00
1788515400000,4469.25,4469.64,4467.2,4467.2,1427.0,2026-09-04 09:50:00+00:00,2026-09-04 05:50:00+00:00
1788515700000,4467.2,4469.7,4465.58,4465.62,1744.0,2026-09-04 09:55:00+00:00,2026-09-04 05:55:00+00:00
1788516000000,4465.57,4470.19,4465.48,4469.51,1688.0,2026-09-04 10:00:00+00:00,2026-09-04 06:00:00+00:00
1788516300000,4469.51,4470.89,4468.76,4470.66,1259.0,2026-09-04 10:05:00+00:00,2026-09-04 06:05:00+00:00
1788516600000,4470.65,4473.24,4469.05,4472.81,1387.0,2026-09-04 10:10:00+00:00,2026-09-04 06:10:00+00:00
1788516900000,4472.82,4473.4,4471.19,4471.87,1327.0,2026-09-04 10:15:00+00:00,2026-09-04 06:15:00+00:00
1788517200000,4471.88,4471.98,4468.16,4468.38,1331.0,2026-09-04 10:20:00+00:00,2026-09-04 06:20:00+00:00
1788517500000,4468.39,4473.59,4468.39,4471.2,1973.0,2026-09-04 10:25:00+00:00,2026-09-04 06:25:00+00:00
1788517800000,4471.23,4475.17,4470.87,4473.24,1496.0,2026-09-04 10:30:00+00:00,2026-09-04 06:30:00+00:00
1788518100000,4473.25,4473.51,4470.06,4473.38,1452.0,2026-09-04 10:35:00+00:00,2026-09-04 06:35:00+00:00
1788518400000,4473.39,4474.13,4472.64,4473.6,1364.0,2026-09-04 10:40:00+00:00,2026-09-04 06:40:00+00:00
1788518700000,4473.59,4476.46,4473.55,4474.85,1608.0,2026-09-04 10:45:00+00:00,2026-09-04 06:45:00+00:00
1788519000000,4474.9,4475.91,4473.58,4474.75,1301.0,2026-09-04 10:50:00+00:00,2026-09-04 06:50:00+00:00
1788519300000,4474.74,4475.11,4472.83,4472.91,1208.0,2026-09-04 10:55:00+00:00,2026-09-04 06:55:00+00:00
1788519600000,4472.91,4473.34,4470.47,4471.98,1992.0,2026-09-04 11:00:00+00:00,2026-09-04 07:00:00+00:00
1788519900000,4471.99,4472.25,4469.54,4470.85,1478.0,2026-09-04 11:05:00+00:00,2026-09-04 07:05:00+00:00
1788520200000,4470.86,4471.35,4469.68,4470.32,1460.0,2026-09-04 11:10:00+00:00,2026-09-04 07:10:00+00:00
1788520500000,4470.32,4470.7,4466.39,4466.82,1446.0,2026-09-04 11:15:00+00:00,2026-09-04 07:15:00+00:00
1788520800000,4466.83,4470.81,4466.73,4468.87,1426.0,2026-09-04 11:20:00+00:00,2026-09-04 07:20:00+00:00
1788521100000,4468.86,4468.86,4465.44,4465.71,1461.0,2026-09-04 11:25:00+00:00,2026-09-04 07:25:00+00:00
1788521400000,4465.69,4468.38,4465.31,4465.99,1551.0,2026-09-04 11:30:00+00:00,2026-09-04 07:30:00+00:00
1788521700000,4466.0,4469.55,4466.0,4468.25,1426.0,2026-09-04 11:35:00+00:00,2026-09-04 07:35:00+00:00
1788522000000,4468.24,4470.34,4466.01,4468.23,1527.0,2026-09-04 11:40:00+00:00,2026-09-04 07:40:00+00:00
1788522300000,4468.21,4470.47,4467.21,4467.52,1733.0,2026-09-04 11:45:00+00:00,2026-09-04 07:45:00+00:00
1788522600000,4467.51,4470.6,4467.18,4469.02,1900.0,2026-09-04 11:50:00+00:00,2026-09-04 07:50:00+00:00
1788522900000,4469.02,4469.9,4465.11,4466.92,1603.0,2026-09-04 11:55:00+00:00,2026-09-04 07:55:00+00:00
1788523200000,4466.96,4469.38,4464.85,4468.9,2473.0,2026-09-04 12:00:00+00:00,2026-09-04 08:00:00+00:00
1788523500000,4468.88,4470.39,4466.87,4467.31,2429.0,2026-09-04 12:05:00+00:00,2026-09-04 08:05:00+00:00
1788523800000,4467.31,4469.03,4464.57,4464.75,2391.0,2026-09-04 12:10:00+00:00,2026-09-04 08:10:00+00:00
1788524100000,4464.74,4468.21,4464.45,4467.87,2574.0,2026-09-04 12:15:00+00:00,2026-09-04 08:15:00+00:00
1788524400000,4467.89,4470.17,4464.4,4468.14,3436.0,2026-09-04 12:20:00+00:00,2026-09-04 08:20:00+00:00
1788524700000,4468.11,4476.18,4467.42,4471.35,3529.0,2026-09-04 12:25:00+00:00,2026-09-04 08:25:00+00:00
1788525000000,4470.14,4470.91,4388.88,4403.29,3859.0,2026-09-04 12:30:00+00:00,2026-09-04 08:30:00+00:00
1788525300000,4403.25,4403.25,4384.7,4391.95,4220.0,2026-09-04 12:35:00+00:00,2026-09-04 08:35:00+00:00
1788525600000,4391.85,4406.5,4387.12,4393.94,6780.0,2026-09-04 12:40:00+00:00,2026-09-04 08:40:00+00:00
1788525900000,4393.89,4397.68,4380.17,4397.25,7874.0,2026-09-04 12:45:00+00:00,2026-09-04 08:45:00+00:00
1788526200000,4397.27,4409.95,4395.4,4406.04,6327.0,2026-09-04 12:50:00+00:00,2026-09-04 08:50:00+00:00
1788526500000,4406.01,4409.09,4392.54,4393.83,6518.0,2026-09-04 12:55:00+00:00,2026-09-04 08:55:00+00:00
1788526800000,4393.85,4394.7,4365.65,4379.27,7920.0,2026-09-04 13:00:00+00:00,2026-09-04 09:00:00+00:00
1788527100000,4379.28,4390.13,4376.0,4388.18,5996.0,2026-09-04 13:05:00+00:00,2026-09-04 09:05:00+00:00
1788527400000,4388.19,4394.34,4382.25,4394.3,5700.0,2026-09-04 13:10:00+00:00,2026-09-04 09:10:00+00:00
1788527700000,4394.27,4399.99,4391.44,4398.81,5378.0,2026-09-04 13:15:00+00:00,2026-09-04 09:15:00+00:00
1788528000000,4398.8,4407.14,4396.99,4405.24,4895.0,2026-09-04 13:20:00+00:00,2026-09-04 09:20:00+00:00
1788528300000,4405.2,4414.58,4404.31,4412.55,4815.0,2026-09-04 13:25:00+00:00,2026-09-04 09:25:00+00:00
1788528600000,4412.57,4420.52,4412.11,4418.59,4562.0,2026-09-04 13:30:00+00:00,2026-09-04 09:30:00+00:00
1788528900000,4411.85,4416.32,4408.32,4410.73,3340.0,2026-09-04 13:35:00+00:00,2026-09-04 09:35:00+00:00
1788529200000,4410.72,4422.58,4405.32,4420.6,3528.0,2026-09-04 13:40:00+00:00,2026-09-04 09:40:00+00:00
1788529500000,4420.62,4431.09,4418.49,4428.71,2941.0,2026-09-04 13:45:00+00:00,2026-09-04 09:45:00+00:00
1788529800000,4428.7,4431.53,4421.92,4422.03,4413.0,2026-09-04 13:50:00+00:00,2026-09-04 09:50:00+00:00
1788530100000,4422.0,4426.9,4413.18,4413.21,6439.0,2026-09-04 13:55:00+00:00,2026-09-04 09:55:00+00:00
1788530400000,4413.24,4420.7,4412.08,4420.7,5287.0,2026-09-04 14:00:00+00:00,2026-09-04 10:00:00+00:00
1788530700000,4420.72,4427.24,4415.92,4423.26,4733.0,2026-09-04 14:05:00+00:00,2026-09-04 10:05:00+00:00
1788531000000,4423.25,4428.98,4419.26,4428.95,4651.0,2026-09-04 14:10:00+00:00,2026-09-04 10:10:00+00:00
1788531300000,4428.95,4437.04,4428.77,4434.11,6432.0,2026-09-04 14:15:00+00:00,2026-09-04 10:15:00+00:00
1788531600000,4433.97,4435.67,4428.96,4429.11,5898.0,2026-09-04 14:20:00+00:00,2026-09-04 10:20:00+00:00
1788531900000,4429.12,4437.41,4426.73,4429.14,5784.0,2026-09-04 14:25:00+00:00,2026-09-04 10:25:00+00:00
1788532200000,4429.16,4439.94,4429.12,4439.64,4860.0,2026-09-04 14:30:00+00:00,2026-09-04 10:30:00+00:00
1788532500000,4439.65,4442.35,4428.62,4429.68,4612.0,2026-09-04 14:35:00+00:00,2026-09-04 10:35:00+00:00
1788532800000,4429.66,4432.59,4425.46,4428.94,4683.0,2026-09-04 14:40:00+00:00,2026-09-04 10:40:00+00:00
1788533100000,4429.01,4432.15,4422.75,4428.11,4764.0,2026-09-04 14:45:00+00:00,2026-09-04 10:45:00+00:00
1788533400000,4428.1,4428.76,4417.51,4417.73,4863.0,2026-09-04 14:50:00+00:00,2026-09-04 10:50:00+00:00
1788533700000,4417.74,4429.95,4417.23,4427.55,4198.0,2026-09-04 14:55:00+00:00,2026-09-04 10:55:00+00:00
1788534000000,4427.57,4430.83,4422.82,4430.02,4298.0,2026-09-04 15:00:00+00:00,2026-09-04 11:00:00+00:00
1788534300000,4429.99,4439.31,4429.8,4436.8,4020.0,2026-09-04 15:05:00+00:00,2026-09-04 11:05:00+00:00
1788534600000,4436.81,4443.67,4434.78,4443.45,3746.0,2026-09-04 15:10:00+00:00,2026-09-04 11:10:00+00:00
1788534900000,4443.44,4448.68,4441.1,4448.08,3982.0,2026-09-04 15:15:00+00:00,2026-09-04 11:15:00+00:00
1788535200000,4448.08,4449.02,4440.32,4442.99,4070.0,2026-09-04 15:20:00+00:00,2026-09-04 11:20:00+00:00
1788535500000,4443.0,4446.11,4439.69,4439.93,3641.0,2026-09-04 15:25:00+00:00,2026-09-04 11:25:00+00:00
1788535800000,4439.92,4444.39,4438.48,4439.83,3849.0,2026-09-04 15:30:00+00:00,2026-09-04 11:30:00+00:00
1788536100000,4439.84,4441.16,4437.45,4438.09,3161.0,2026-09-04 15:35:00+00:00,2026-09-04 11:35:00+00:00
1788536400000,4438.08,4446.64,4436.7,4442.94,3160.0,2026-09-04 15:40:00+00:00,2026-09-04 11:40:00+00:00
1788536700000,4442.93,4445.07,4441.85,4443.9,2936.0,2026-09-04 15:45:00+00:00,2026-09-04 11:45:00+00:00
1788537000000,4443.89,4446.11,4439.33,4439.4,2922.0,2026-09-04 15:50:00+00:00,2026-09-04 11:50:00+00:00
1788537300000,4439.41,4441.22,4435.7,4436.72,2678.0,2026-09-04 15:55:00+00:00,2026-09-04 11:55:00+00:00
1788537600000,4436.69,4440.26,4436.39,4439.59,2661.0,2026-09-04 16:00:00+00:00,2026-09-04 12:00:00+00:00
1788537900000,4439.61,4440.41,4433.6,4433.72,3003.0,2026-09-04 16:05:00+00:00,2026-09-04 12:05:00+00:00
1788538200000,4433.76,4439.44,4432.29,4438.8,3021.0,2026-09-04 16:10:00+00:00,2026-09-04 12:10:00+00:00
1788538500000,4438.77,4443.61,4437.45,4441.49,2788.0,2026-09-04 16:15:00+00:00,2026-09-04 12:15:00+00:00
1788538800000,4441.55,4442.51,4435.78,4437.92,2701.0,2026-09-04 16:20:00+00:00,2026-09-04 12:20:00+00:00
1788539100000,4437.91,4438.44,4433.31,4434.23,2857.0,2026-09-04 16:25:00+00:00,2026-09-04 12:25:00+00:00
1788539400000,4434.24,4438.92,4433.41,4437.48,2737.0,2026-09-04 16:30:00+00:00,2026-09-04 12:30:00+00:00
1788539700000,4437.48,4438.48,4436.37,4437.61,2326.0,2026-09-04 16:35:00+00:00,2026-09-04 12:35:00+00:00
1788540000000,4437.6,4439.77,4435.51,4438.07,2344.0,2026-09-04 16:40:00+00:00,2026-09-04 12:40:00+00:00
1788540300000,4438.09,4440.46,4437.43,4439.9,2370.0,2026-09-04 16:45:00+00:00,2026-09-04 12:45:00+00:00
1788540600000,4439.88,4440.32,4435.94,4436.01,2302.0,2026-09-04 16:50:00+00:00,2026-09-04 12:50:00+00:00
1788540900000,4436.0,4438.19,4434.77,4436.4,2382.0,2026-09-04 16:55:00+00:00,2026-09-04 12:55:00+00:00
1788541200000,4436.39,4436.59,4430.24,4431.42,3346.0,2026-09-04 17:00:00+00:00,2026-09-04 13:00:00+00:00
1788541500000,4431.39,4433.79,4430.31,4432.18,2828.0,2026-09-04 17:05:00+00:00,2026-09-04 13:05:00+00:00
1788541800000,4432.22,4434.78,4431.91,4433.88,2079.0,2026-09-04 17:10:00+00:00,2026-09-04 13:10:00+00:00
1788542100000,4433.87,4438.86,4433.14,4438.36,2258.0,2026-09-04 17:15:00+00:00,2026-09-04 13:15:00+00:00
1788542400000,4438.38,4440.43,4431.31,4433.3,2708.0,2026-09-04 17:20:00+00:00,2026-09-04 13:20:00+00:00
1788542700000,4433.29,4433.35,4427.53,4428.67,3202.0,2026-09-04 17:25:00+00:00,2026-09-04 13:25:00+00:00
1788543000000,4428.59,4429.83,4423.08,4424.1,2797.0,2026-09-04 17:30:00+00:00,2026-09-04 13:30:00+00:00
1788543300000,4424.09,4425.41,4421.89,4422.31,2470.0,2026-09-04 17:35:00+00:00,2026-09-04 13:35:00+00:00
1788543600000,4422.31,4422.35,4416.43,4417.28,2345.0,2026-09-04 17:40:00+00:00,2026-09-04 13:40:00+00:00
1788543900000,4417.3,4420.36,4415.58,4419.5,2667.0,2026-09-04 17:45:00+00:00,2026-09-04 13:45:00+00:00
1788544200000,4419.47,4421.38,4418.63,4419.25,2324.0,2026-09-04 17:50:00+00:00,2026-09-04 13:50:00+00:00
1788544500000,4419.24,4419.57,4416.16,4416.61,2098.0,2026-09-04 17:55:00+00:00,2026-09-04 13:55:00+00:00
1788544800000,4416.64,4417.5,4411.86,4412.68,2834.0,2026-09-04 18:00:00+00:00,2026-09-04 14:00:00+00:00
1788545100000,4412.7,4418.19,4412.14,4417.79,2827.0,2026-09-04 18:05:00+00:00,2026-09-04 14:05:00+00:00
1788545400000,4417.75,4419.8,4416.41,4419.57,2326.0,2026-09-04 18:10:00+00:00,2026-09-04 14:10:00+00:00
1788545700000,4419.56,4422.38,4419.22,4419.37,1863.0,2026-09-04 18:15:00+00:00,2026-09-04 14:15:00+00:00
1788546000000,4419.43,4424.78,4419.32,4424.66,1929.0,2026-09-04 18:20:00+00:00,2026-09-04 14:20:00+00:00
1788546300000,4424.72,4426.68,4423.53,4424.81,2082.0,2026-09-04 18:25:00+00:00,2026-09-04 14:25:00+00:00
1788546600000,4424.81,4425.21,4423.04,4425.05,1506.0,2026-09-04 18:30:00+00:00,2026-09-04 14:30:00+00:00
1788546900000,4425.03,4425.22,4421.29,4422.58,1706.0,2026-09-04 18:35:00+00:00,2026-09-04 14:35:00+00:00
1788547200000,4422.57,4425.84,4422.03,4422.95,1957.0,2026-09-04 18:40:00+00:00,2026-09-04 14:40:00+00:00
1788547500000,4422.93,4424.46,4421.98,4423.85,1463.0,2026-09-04 18:45:00+00:00,2026-09-04 14:45:00+00:00
1788547800000,4423.86,4425.5,4423.54,4425.05,1491.0,2026-09-04 18:50:00+00:00,2026-09-04 14:50:00+00:00
1788548100000,4425.04,4425.9,4423.04,4423.99,1621.0,2026-09-04 18:55:00+00:00,2026-09-04 14:55:00+00:00
1788548400000,4423.99,4425.4,4422.53,4423.53,1906.0,2026-09-04 19:00:00+00:00,2026-09-04 15:00:00+00:00
1788548700000,4423.54,4425.49,4422.76,4425.22,1663.0,2026-09-04 19:05:00+00:00,2026-09-04 15:05:00+00:00
1788549000000,4425.23,4430.06,4424.81,4429.17,1955.0,2026-09-04 19:10:00+00:00,2026-09-04 15:10:00+00:00
1788549300000,4429.16,4432.08,4428.5,4428.93,1682.0,2026-09-04 19:15:00+00:00,2026-09-04 15:15:00+00:00
1788549600000,4428.89,4431.17,4426.93,4431.0,1396.0,2026-09-04 19:20:00+00:00,2026-09-04 15:20:00+00:00
1788549900000,4430.99,4435.88,4430.14,4435.61,1910.0,2026-09-04 19:25:00+00:00,2026-09-04 15:25:00+00:00
1788550200000,4435.6,4438.38,4434.16,4437.66,2191.0,2026-09-04 19:30:00+00:00,2026-09-04 15:30:00+00:00
1788550500000,4437.65,4437.7,4435.2,4436.53,1621.0,2026-09-04 19:35:00+00:00,2026-09-04 15:35:00+00:00
1788550800000,4436.5,4437.56,4435.0,4436.99,1641.0,2026-09-04 19:40:00+00:00,2026-09-04 15:40:00+00:00
1788551100000,4436.99,4437.4,4433.49,4435.26,1603.0,2026-09-04 19:45:00+00:00,2026-09-04 15:45:00+00:00
1788551400000,4435.27,4436.34,4434.12,4436.23,2083.0,2026-09-04 19:50:00+00:00,2026-09-04 15:50:00+00:00
1788551700000,4436.21,4436.24,4432.75,4434.83,2442.0,2026-09-04 19:55:00+00:00,2026-09-04 15:55:00+00:00
1788552000000,4434.85,4435.26,4432.22,4432.75,1459.0,2026-09-04 20:00:00+00:00,2026-09-04 16:00:00+00:00
1788552300000,4432.71,4432.78,4431.17,4431.86,990.0,2026-09-04 20:05:00+00:00,2026-09-04 16:05:00+00:00
1788552600000,4431.88,4432.58,4430.95,4431.71,776.0,2026-09-04 20:10:00+00:00,2026-09-04 16:10:00+00:00
1788552900000,4431.7,4431.84,4430.09,4430.98,730.0,2026-09-04 20:15:00+00:00,2026-09-04 16:15:00+00:00
1788553200000,4430.99,4431.32,4430.15,4430.2,679.0,2026-09-04 20:20:00+00:00,2026-09-04 16:20:00+00:00
1788553500000,4430.18,4430.92,4429.51,4430.08,768.0,2026-09-04 20:25:00+00:00,2026-09-04 16:25:00+00:00
1788553800000,4430.07,4430.07,4429.1,4429.58,688.0,2026-09-04 20:30:00+00:00,2026-09-04 16:30:00+00:00
1788554100000,4429.58,4430.89,4429.49,4430.57,553.0,2026-09-04 20:35:00+00:00,2026-09-04 16:35:00+00:00
1788554400000,4430.51,4430.69,4429.16,4430.4,454.0,2026-09-04 20:40:00+00:00,2026-09-04 16:40:00+00:00
1788554700000,4430.45,4430.53,4428.51,4428.68,465.0,2026-09-04 20:45:00+00:00,2026-09-04 16:45:00+00:00
1788555000000,4428.65,4431.26,4428.62,4430.94,387.0,2026-09-04 20:50:00+00:00,2026-09-04 16:50:00+00:00
1788555300000,4430.92,4431.35,4429.53,4430.01,823.0,2026-09-04 20:55:00+00:00,2026-09-04 16:55:00+00:00
